group,function,value,throughput_num,throughput_type,sample_measured_value,unit,iteration_count
RustyTree Benchmarks,Original Tree,,1,elements,175920.0,ns,1031
RustyTree Benchmarks,Original Tree,,1,elements,345374.0,ns,2062
RustyTree Benchmarks,Original Tree,,1,elements,515138.0,ns,3093
RustyTree Benchmarks,Original Tree,,1,elements,692472.0,ns,4124
RustyTree Benchmarks,Original Tree,,1,elements,854879.0,ns,5155
RustyTree Benchmarks,Original Tree,,1,elements,1012416.0,ns,6186
RustyTree Benchmarks,Original Tree,,1,elements,1191285.0,ns,7217
RustyTree Benchmarks,Original Tree,,1,elements,1355395.0,ns,8248
RustyTree Benchmarks,Original Tree,,1,elements,1571625.0,ns,9279
RustyTree Benchmarks,Original Tree,,1,elements,1739312.0,ns,10310
RustyTree Benchmarks,Original Tree,,1,elements,1914403.0,ns,11341
RustyTree Benchmarks,Original Tree,,1,elements,2091052.0,ns,12372
RustyTree Benchmarks,Original Tree,,1,elements,2350269.0,ns,13403
RustyTree Benchmarks,Original Tree,,1,elements,2417847.0,ns,14434
RustyTree Benchmarks,Original Tree,,1,elements,2982158.0,ns,15465
RustyTree Benchmarks,Original Tree,,1,elements,3004163.0,ns,16496
RustyTree Benchmarks,Original Tree,,1,elements,2871240.0,ns,17527
RustyTree Benchmarks,Original Tree,,1,elements,3032366.0,ns,18558
RustyTree Benchmarks,Original Tree,,1,elements,3267282.0,ns,19589
RustyTree Benchmarks,Original Tree,,1,elements,3730228.0,ns,20620
RustyTree Benchmarks,Original Tree,,1,elements,3560175.0,ns,21651
RustyTree Benchmarks,Original Tree,,1,elements,4141546.0,ns,22682
RustyTree Benchmarks,Original Tree,,1,elements,4005467.0,ns,23713
RustyTree Benchmarks,Original Tree,,1,elements,4316153.0,ns,24744
RustyTree Benchmarks,Original Tree,,1,elements,4499937.0,ns,25775
RustyTree Benchmarks,Original Tree,,1,elements,4386684.0,ns,26806
RustyTree Benchmarks,Original Tree,,1,elements,4979371.0,ns,27837
RustyTree Benchmarks,Original Tree,,1,elements,4730941.0,ns,28868
RustyTree Benchmarks,Original Tree,,1,elements,4875400.0,ns,29899
RustyTree Benchmarks,Original Tree,,1,elements,5123636.0,ns,30930
RustyTree Benchmarks,Original Tree,,1,elements,5272233.0,ns,31961
RustyTree Benchmarks,Original Tree,,1,elements,5976105.0,ns,32992
RustyTree Benchmarks,Original Tree,,1,elements,5815310.0,ns,34023
RustyTree Benchmarks,Original Tree,,1,elements,5697340.0,ns,35054
RustyTree Benchmarks,Original Tree,,1,elements,6246537.0,ns,36085
RustyTree Benchmarks,Original Tree,,1,elements,6034186.0,ns,37116
RustyTree Benchmarks,Original Tree,,1,elements,6278681.0,ns,38147
RustyTree Benchmarks,Original Tree,,1,elements,6475518.0,ns,39178
RustyTree Benchmarks,Original Tree,,1,elements,7211248.0,ns,40209
RustyTree Benchmarks,Original Tree,,1,elements,6768905.0,ns,41240
RustyTree Benchmarks,Original Tree,,1,elements,6820445.0,ns,42271
RustyTree Benchmarks,Original Tree,,1,elements,7614933.0,ns,43302
RustyTree Benchmarks,Original Tree,,1,elements,7437057.0,ns,44333
RustyTree Benchmarks,Original Tree,,1,elements,7610592.0,ns,45364
RustyTree Benchmarks,Original Tree,,1,elements,8227815.0,ns,46395
RustyTree Benchmarks,Original Tree,,1,elements,7521170.0,ns,47426
RustyTree Benchmarks,Original Tree,,1,elements,8447085.0,ns,48457
RustyTree Benchmarks,Original Tree,,1,elements,8202117.0,ns,49488
RustyTree Benchmarks,Original Tree,,1,elements,8449728.0,ns,50519
RustyTree Benchmarks,Original Tree,,1,elements,9040301.0,ns,51550
RustyTree Benchmarks,Original Tree,,1,elements,8430310.0,ns,52581
RustyTree Benchmarks,Original Tree,,1,elements,8733759.0,ns,53612
RustyTree Benchmarks,Original Tree,,1,elements,9446352.0,ns,54643
RustyTree Benchmarks,Original Tree,,1,elements,9456788.0,ns,55674
RustyTree Benchmarks,Original Tree,,1,elements,9816690.0,ns,56705
RustyTree Benchmarks,Original Tree,,1,elements,9043517.0,ns,57736
RustyTree Benchmarks,Original Tree,,1,elements,9866133.0,ns,58767
RustyTree Benchmarks,Original Tree,,1,elements,9801491.0,ns,59798
RustyTree Benchmarks,Original Tree,,1,elements,9979697.0,ns,60829
RustyTree Benchmarks,Original Tree,,1,elements,9634807.0,ns,61860
RustyTree Benchmarks,Original Tree,,1,elements,10682981.0,ns,62891
RustyTree Benchmarks,Original Tree,,1,elements,10493346.0,ns,63922
RustyTree Benchmarks,Original Tree,,1,elements,10597933.0,ns,64953
RustyTree Benchmarks,Original Tree,,1,elements,10347916.0,ns,65984
RustyTree Benchmarks,Original Tree,,1,elements,11234744.0,ns,67015
RustyTree Benchmarks,Original Tree,,1,elements,11031924.0,ns,68046
RustyTree Benchmarks,Original Tree,,1,elements,11158330.0,ns,69077
RustyTree Benchmarks,Original Tree,,1,elements,11128445.0,ns,70108
RustyTree Benchmarks,Original Tree,,1,elements,11981588.0,ns,71139
RustyTree Benchmarks,Original Tree,,1,elements,11282582.0,ns,72170
RustyTree Benchmarks,Original Tree,,1,elements,11963257.0,ns,73201
RustyTree Benchmarks,Original Tree,,1,elements,11923590.0,ns,74232
RustyTree Benchmarks,Original Tree,,1,elements,12477322.0,ns,75263
RustyTree Benchmarks,Original Tree,,1,elements,12308200.0,ns,76294
RustyTree Benchmarks,Original Tree,,1,elements,12563988.0,ns,77325
RustyTree Benchmarks,Original Tree,,1,elements,12970043.0,ns,78356
RustyTree Benchmarks,Original Tree,,1,elements,12612636.0,ns,79387
RustyTree Benchmarks,Original Tree,,1,elements,13535714.0,ns,80418
RustyTree Benchmarks,Original Tree,,1,elements,13344122.0,ns,81449
RustyTree Benchmarks,Original Tree,,1,elements,12663365.0,ns,82480
RustyTree Benchmarks,Original Tree,,1,elements,13893126.0,ns,83511
RustyTree Benchmarks,Original Tree,,1,elements,13802345.0,ns,84542
RustyTree Benchmarks,Original Tree,,1,elements,13316225.0,ns,85573
RustyTree Benchmarks,Original Tree,,1,elements,14184603.0,ns,86604
RustyTree Benchmarks,Original Tree,,1,elements,13925873.0,ns,87635
RustyTree Benchmarks,Original Tree,,1,elements,13773177.0,ns,88666
RustyTree Benchmarks,Original Tree,,1,elements,14765691.0,ns,89697
RustyTree Benchmarks,Original Tree,,1,elements,14221229.0,ns,90728
RustyTree Benchmarks,Original Tree,,1,elements,14395029.0,ns,91759
RustyTree Benchmarks,Original Tree,,1,elements,15018286.0,ns,92790
RustyTree Benchmarks,Original Tree,,1,elements,14692345.0,ns,93821
RustyTree Benchmarks,Original Tree,,1,elements,14900863.0,ns,94852
RustyTree Benchmarks,Original Tree,,1,elements,14934533.0,ns,95883
RustyTree Benchmarks,Original Tree,,1,elements,15430354.0,ns,96914
RustyTree Benchmarks,Original Tree,,1,elements,15813314.0,ns,97945
RustyTree Benchmarks,Original Tree,,1,elements,15264110.0,ns,98976
RustyTree Benchmarks,Original Tree,,1,elements,16571757.0,ns,100007
RustyTree Benchmarks,Original Tree,,1,elements,15927370.0,ns,101038
RustyTree Benchmarks,Original Tree,,1,elements,16623161.0,ns,102069
RustyTree Benchmarks,Original Tree,,1,elements,16596387.0,ns,103100
RustyTree Benchmarks,Original Tree,,1,elements,16380853.0,ns,104131
RustyTree Benchmarks,Original Tree,,1,elements,17224671.0,ns,105162
RustyTree Benchmarks,Original Tree,,1,elements,16936965.0,ns,106193
RustyTree Benchmarks,Original Tree,,1,elements,17632570.0,ns,107224
RustyTree Benchmarks,Original Tree,,1,elements,17189334.0,ns,108255
RustyTree Benchmarks,Original Tree,,1,elements,18229153.0,ns,109286
RustyTree Benchmarks,Original Tree,,1,elements,17236845.0,ns,110317
RustyTree Benchmarks,Original Tree,,1,elements,18368796.0,ns,111348
RustyTree Benchmarks,Original Tree,,1,elements,18264438.0,ns,112379
RustyTree Benchmarks,Original Tree,,1,elements,19419491.0,ns,113410
RustyTree Benchmarks,Original Tree,,1,elements,19127611.0,ns,114441
RustyTree Benchmarks,Original Tree,,1,elements,19065849.0,ns,115472
RustyTree Benchmarks,Original Tree,,1,elements,19031515.0,ns,116503
RustyTree Benchmarks,Original Tree,,1,elements,18919312.0,ns,117534
RustyTree Benchmarks,Original Tree,,1,elements,18571779.0,ns,118565
RustyTree Benchmarks,Original Tree,,1,elements,18835085.0,ns,119596
RustyTree Benchmarks,Original Tree,,1,elements,19057094.0,ns,120627
RustyTree Benchmarks,Original Tree,,1,elements,19150043.0,ns,121658
RustyTree Benchmarks,Original Tree,,1,elements,19472381.0,ns,122689
RustyTree Benchmarks,Original Tree,,1,elements,19498965.0,ns,123720
RustyTree Benchmarks,Original Tree,,1,elements,20171766.0,ns,124751
RustyTree Benchmarks,Original Tree,,1,elements,20437257.0,ns,125782
RustyTree Benchmarks,Original Tree,,1,elements,20455053.0,ns,126813
RustyTree Benchmarks,Original Tree,,1,elements,20940216.0,ns,127844
RustyTree Benchmarks,Original Tree,,1,elements,20631306.0,ns,128875
RustyTree Benchmarks,Original Tree,,1,elements,21344665.0,ns,129906
RustyTree Benchmarks,Original Tree,,1,elements,20730825.0,ns,130937
RustyTree Benchmarks,Original Tree,,1,elements,21537050.0,ns,131968
RustyTree Benchmarks,Original Tree,,1,elements,20898253.0,ns,132999
RustyTree Benchmarks,Original Tree,,1,elements,21551571.0,ns,134030
RustyTree Benchmarks,Original Tree,,1,elements,21700857.0,ns,135061
RustyTree Benchmarks,Original Tree,,1,elements,21689261.0,ns,136092
RustyTree Benchmarks,Original Tree,,1,elements,21883645.0,ns,137123
RustyTree Benchmarks,Original Tree,,1,elements,21498877.0,ns,138154
RustyTree Benchmarks,Original Tree,,1,elements,22359921.0,ns,139185
RustyTree Benchmarks,Original Tree,,1,elements,21411882.0,ns,140216
RustyTree Benchmarks,Original Tree,,1,elements,22553075.0,ns,141247
RustyTree Benchmarks,Original Tree,,1,elements,22172095.0,ns,142278
RustyTree Benchmarks,Original Tree,,1,elements,22460520.0,ns,143309
RustyTree Benchmarks,Original Tree,,1,elements,22952272.0,ns,144340
RustyTree Benchmarks,Original Tree,,1,elements,22449296.0,ns,145371
RustyTree Benchmarks,Original Tree,,1,elements,23227858.0,ns,146402
RustyTree Benchmarks,Original Tree,,1,elements,23063365.0,ns,147433
RustyTree Benchmarks,Original Tree,,1,elements,34345231.0,ns,148464
RustyTree Benchmarks,Original Tree,,1,elements,26743804.0,ns,149495
RustyTree Benchmarks,Original Tree,,1,elements,24503849.0,ns,150526
RustyTree Benchmarks,Original Tree,,1,elements,23859433.0,ns,151557
RustyTree Benchmarks,Original Tree,,1,elements,23725800.0,ns,152588
RustyTree Benchmarks,Original Tree,,1,elements,23994532.0,ns,153619
RustyTree Benchmarks,Original Tree,,1,elements,24624055.0,ns,154650
RustyTree Benchmarks,Original Tree,,1,elements,24505057.0,ns,155681
RustyTree Benchmarks,Original Tree,,1,elements,24573420.0,ns,156712
RustyTree Benchmarks,Original Tree,,1,elements,24885008.0,ns,157743
RustyTree Benchmarks,Original Tree,,1,elements,25128977.0,ns,158774
RustyTree Benchmarks,Original Tree,,1,elements,25745306.0,ns,159805
RustyTree Benchmarks,Original Tree,,1,elements,25881160.0,ns,160836
RustyTree Benchmarks,Original Tree,,1,elements,24892246.0,ns,161867
RustyTree Benchmarks,Original Tree,,1,elements,25024303.0,ns,162898
RustyTree Benchmarks,Original Tree,,1,elements,25599788.0,ns,163929
RustyTree Benchmarks,Original Tree,,1,elements,25988035.0,ns,164960
RustyTree Benchmarks,Original Tree,,1,elements,25946106.0,ns,165991
RustyTree Benchmarks,Original Tree,,1,elements,25950844.0,ns,167022
RustyTree Benchmarks,Original Tree,,1,elements,26537455.0,ns,168053
RustyTree Benchmarks,Original Tree,,1,elements,26647921.0,ns,169084
RustyTree Benchmarks,Original Tree,,1,elements,27115266.0,ns,170115
RustyTree Benchmarks,Original Tree,,1,elements,26750169.0,ns,171146
RustyTree Benchmarks,Original Tree,,1,elements,27503919.0,ns,172177
RustyTree Benchmarks,Original Tree,,1,elements,27290976.0,ns,173208
RustyTree Benchmarks,Original Tree,,1,elements,27301784.0,ns,174239
RustyTree Benchmarks,Original Tree,,1,elements,27835593.0,ns,175270
RustyTree Benchmarks,Original Tree,,1,elements,27607768.0,ns,176301
RustyTree Benchmarks,Original Tree,,1,elements,28457244.0,ns,177332
RustyTree Benchmarks,Original Tree,,1,elements,28034396.0,ns,178363
RustyTree Benchmarks,Original Tree,,1,elements,28155922.0,ns,179394
RustyTree Benchmarks,Original Tree,,1,elements,28828496.0,ns,180425
RustyTree Benchmarks,Original Tree,,1,elements,28410412.0,ns,181456
RustyTree Benchmarks,Original Tree,,1,elements,28508279.0,ns,182487
RustyTree Benchmarks,Original Tree,,1,elements,33772748.0,ns,183518
RustyTree Benchmarks,Original Tree,,1,elements,34751401.0,ns,184549
RustyTree Benchmarks,Original Tree,,1,elements,35212025.0,ns,185580
RustyTree Benchmarks,Original Tree,,1,elements,29063321.0,ns,186611
RustyTree Benchmarks,Original Tree,,1,elements,29522960.0,ns,187642
RustyTree Benchmarks,Original Tree,,1,elements,29181922.0,ns,188673
RustyTree Benchmarks,Original Tree,,1,elements,29575505.0,ns,189704
RustyTree Benchmarks,Original Tree,,1,elements,29552779.0,ns,190735
RustyTree Benchmarks,Original Tree,,1,elements,29122677.0,ns,191766
RustyTree Benchmarks,Original Tree,,1,elements,29615072.0,ns,192797
RustyTree Benchmarks,Original Tree,,1,elements,29099164.0,ns,193828
RustyTree Benchmarks,Original Tree,,1,elements,29964939.0,ns,194859
RustyTree Benchmarks,Original Tree,,1,elements,29930013.0,ns,195890
RustyTree Benchmarks,Original Tree,,1,elements,31694272.0,ns,196921
RustyTree Benchmarks,Original Tree,,1,elements,30083034.0,ns,197952
RustyTree Benchmarks,Original Tree,,1,elements,30852433.0,ns,198983
RustyTree Benchmarks,Original Tree,,1,elements,31566327.0,ns,200014
RustyTree Benchmarks,Original Tree,,1,elements,31532653.0,ns,201045
RustyTree Benchmarks,Original Tree,,1,elements,32689213.0,ns,202076
RustyTree Benchmarks,Original Tree,,1,elements,32095296.0,ns,203107
RustyTree Benchmarks,Original Tree,,1,elements,31955848.0,ns,204138
RustyTree Benchmarks,Original Tree,,1,elements,31210853.0,ns,205169
RustyTree Benchmarks,Original Tree,,1,elements,31850308.0,ns,206200
RustyTree Benchmarks,Original Tree,,1,elements,32028946.0,ns,207231
RustyTree Benchmarks,Original Tree,,1,elements,31693825.0,ns,208262
RustyTree Benchmarks,Original Tree,,1,elements,32474151.0,ns,209293
RustyTree Benchmarks,Original Tree,,1,elements,32041859.0,ns,210324
RustyTree Benchmarks,Original Tree,,1,elements,32717699.0,ns,211355
RustyTree Benchmarks,Original Tree,,1,elements,33719001.0,ns,212386
RustyTree Benchmarks,Original Tree,,1,elements,33187438.0,ns,213417
RustyTree Benchmarks,Original Tree,,1,elements,33503331.0,ns,214448
RustyTree Benchmarks,Original Tree,,1,elements,34183050.0,ns,215479
RustyTree Benchmarks,Original Tree,,1,elements,34101104.0,ns,216510
RustyTree Benchmarks,Original Tree,,1,elements,35229364.0,ns,217541
RustyTree Benchmarks,Original Tree,,1,elements,35278532.0,ns,218572
RustyTree Benchmarks,Original Tree,,1,elements,34615651.0,ns,219603
RustyTree Benchmarks,Original Tree,,1,elements,35543725.0,ns,220634
RustyTree Benchmarks,Original Tree,,1,elements,35156162.0,ns,221665
RustyTree Benchmarks,Original Tree,,1,elements,34949693.0,ns,222696
RustyTree Benchmarks,Original Tree,,1,elements,35866768.0,ns,223727
RustyTree Benchmarks,Original Tree,,1,elements,35970708.0,ns,224758
RustyTree Benchmarks,Original Tree,,1,elements,36149722.0,ns,225789
RustyTree Benchmarks,Original Tree,,1,elements,35324335.0,ns,226820
RustyTree Benchmarks,Original Tree,,1,elements,36965996.0,ns,227851
RustyTree Benchmarks,Original Tree,,1,elements,36616573.0,ns,228882
RustyTree Benchmarks,Original Tree,,1,elements,36841678.0,ns,229913
RustyTree Benchmarks,Original Tree,,1,elements,36241584.0,ns,230944
RustyTree Benchmarks,Original Tree,,1,elements,37347274.0,ns,231975
RustyTree Benchmarks,Original Tree,,1,elements,37263043.0,ns,233006
RustyTree Benchmarks,Original Tree,,1,elements,37422170.0,ns,234037
RustyTree Benchmarks,Original Tree,,1,elements,37572898.0,ns,235068
RustyTree Benchmarks,Original Tree,,1,elements,36655419.0,ns,236099
RustyTree Benchmarks,Original Tree,,1,elements,37901769.0,ns,237130
RustyTree Benchmarks,Original Tree,,1,elements,37771895.0,ns,238161
RustyTree Benchmarks,Original Tree,,1,elements,38312806.0,ns,239192
RustyTree Benchmarks,Original Tree,,1,elements,37897520.0,ns,240223
RustyTree Benchmarks,Original Tree,,1,elements,38474985.0,ns,241254
RustyTree Benchmarks,Original Tree,,1,elements,38262425.0,ns,242285
RustyTree Benchmarks,Original Tree,,1,elements,38804925.0,ns,243316
RustyTree Benchmarks,Original Tree,,1,elements,38752541.0,ns,244347
RustyTree Benchmarks,Original Tree,,1,elements,39139555.0,ns,245378
RustyTree Benchmarks,Original Tree,,1,elements,39016494.0,ns,246409
RustyTree Benchmarks,Original Tree,,1,elements,38369263.0,ns,247440
RustyTree Benchmarks,Original Tree,,1,elements,39148700.0,ns,248471
RustyTree Benchmarks,Original Tree,,1,elements,39587710.0,ns,249502
RustyTree Benchmarks,Original Tree,,1,elements,40390411.0,ns,250533
RustyTree Benchmarks,Original Tree,,1,elements,38970088.0,ns,251564
RustyTree Benchmarks,Original Tree,,1,elements,37891670.0,ns,252595
RustyTree Benchmarks,Original Tree,,1,elements,38831856.0,ns,253626
RustyTree Benchmarks,Original Tree,,1,elements,39367849.0,ns,254657
RustyTree Benchmarks,Original Tree,,1,elements,39086560.0,ns,255688
RustyTree Benchmarks,Original Tree,,1,elements,39171317.0,ns,256719
RustyTree Benchmarks,Original Tree,,1,elements,39058069.0,ns,257750
RustyTree Benchmarks,Original Tree,,1,elements,39301867.0,ns,258781
RustyTree Benchmarks,Original Tree,,1,elements,39586737.0,ns,259812
RustyTree Benchmarks,Original Tree,,1,elements,39673295.0,ns,260843
RustyTree Benchmarks,Original Tree,,1,elements,39938345.0,ns,261874
RustyTree Benchmarks,Original Tree,,1,elements,40192575.0,ns,262905
RustyTree Benchmarks,Original Tree,,1,elements,40328566.0,ns,263936
RustyTree Benchmarks,Original Tree,,1,elements,40984115.0,ns,264967
RustyTree Benchmarks,Original Tree,,1,elements,40787990.0,ns,265998
RustyTree Benchmarks,Original Tree,,1,elements,40267532.0,ns,267029
RustyTree Benchmarks,Original Tree,,1,elements,41883147.0,ns,268060
RustyTree Benchmarks,Original Tree,,1,elements,41161085.0,ns,269091
RustyTree Benchmarks,Original Tree,,1,elements,41633623.0,ns,270122
RustyTree Benchmarks,Original Tree,,1,elements,41764941.0,ns,271153
RustyTree Benchmarks,Original Tree,,1,elements,41783141.0,ns,272184
RustyTree Benchmarks,Original Tree,,1,elements,41860870.0,ns,273215
RustyTree Benchmarks,Original Tree,,1,elements,42365535.0,ns,274246
RustyTree Benchmarks,Original Tree,,1,elements,43536148.0,ns,275277
RustyTree Benchmarks,Original Tree,,1,elements,42678343.0,ns,276308
RustyTree Benchmarks,Original Tree,,1,elements,42474155.0,ns,277339
RustyTree Benchmarks,Original Tree,,1,elements,44123266.0,ns,278370
RustyTree Benchmarks,Original Tree,,1,elements,43301010.0,ns,279401
RustyTree Benchmarks,Original Tree,,1,elements,43375935.0,ns,280432
RustyTree Benchmarks,Original Tree,,1,elements,44112316.0,ns,281463
RustyTree Benchmarks,Original Tree,,1,elements,43986888.0,ns,282494
RustyTree Benchmarks,Original Tree,,1,elements,43976853.0,ns,283525
RustyTree Benchmarks,Original Tree,,1,elements,44775707.0,ns,284556
RustyTree Benchmarks,Original Tree,,1,elements,44158062.0,ns,285587
RustyTree Benchmarks,Original Tree,,1,elements,44527937.0,ns,286618
RustyTree Benchmarks,Original Tree,,1,elements,44628936.0,ns,287649
RustyTree Benchmarks,Original Tree,,1,elements,45126629.0,ns,288680
RustyTree Benchmarks,Original Tree,,1,elements,45715658.0,ns,289711
RustyTree Benchmarks,Original Tree,,1,elements,44867050.0,ns,290742
RustyTree Benchmarks,Original Tree,,1,elements,44834634.0,ns,291773
RustyTree Benchmarks,Original Tree,,1,elements,44201402.0,ns,292804
RustyTree Benchmarks,Original Tree,,1,elements,45755405.0,ns,293835
RustyTree Benchmarks,Original Tree,,1,elements,45214924.0,ns,294866
RustyTree Benchmarks,Original Tree,,1,elements,45706360.0,ns,295897
RustyTree Benchmarks,Original Tree,,1,elements,46816332.0,ns,296928
RustyTree Benchmarks,Original Tree,,1,elements,44505528.0,ns,297959
RustyTree Benchmarks,Original Tree,,1,elements,43349276.0,ns,298990
RustyTree Benchmarks,Original Tree,,1,elements,44653431.0,ns,300021
RustyTree Benchmarks,Original Tree,,1,elements,46190214.0,ns,301052
RustyTree Benchmarks,Original Tree,,1,elements,44715134.0,ns,302083
RustyTree Benchmarks,Original Tree,,1,elements,45243513.0,ns,303114
RustyTree Benchmarks,Original Tree,,1,elements,45363196.0,ns,304145
RustyTree Benchmarks,Original Tree,,1,elements,45713126.0,ns,305176
RustyTree Benchmarks,Original Tree,,1,elements,45642073.0,ns,306207
RustyTree Benchmarks,Original Tree,,1,elements,47025413.0,ns,307238
RustyTree Benchmarks,Original Tree,,1,elements,46235777.0,ns,308269
RustyTree Benchmarks,Original Tree,,1,elements,46115120.0,ns,309300
RustyTree Benchmarks,Original Tree,,1,elements,46775154.0,ns,310331
RustyTree Benchmarks,Original Tree,,1,elements,46157632.0,ns,311362
RustyTree Benchmarks,Original Tree,,1,elements,48219601.0,ns,312393
RustyTree Benchmarks,Original Tree,,1,elements,47238888.0,ns,313424
RustyTree Benchmarks,Original Tree,,1,elements,48352555.0,ns,314455
RustyTree Benchmarks,Original Tree,,1,elements,47102455.0,ns,315486
RustyTree Benchmarks,Original Tree,,1,elements,48214231.0,ns,316517
RustyTree Benchmarks,Original Tree,,1,elements,48822246.0,ns,317548
RustyTree Benchmarks,Original Tree,,1,elements,47891892.0,ns,318579
RustyTree Benchmarks,Original Tree,,1,elements,49074675.0,ns,319610
RustyTree Benchmarks,Original Tree,,1,elements,48491066.0,ns,320641
RustyTree Benchmarks,Original Tree,,1,elements,49824590.0,ns,321672
RustyTree Benchmarks,Original Tree,,1,elements,48898182.0,ns,322703
RustyTree Benchmarks,Original Tree,,1,elements,50233632.0,ns,323734
RustyTree Benchmarks,Original Tree,,1,elements,49503865.0,ns,324765
RustyTree Benchmarks,Original Tree,,1,elements,49707939.0,ns,325796
RustyTree Benchmarks,Original Tree,,1,elements,49462378.0,ns,326827
RustyTree Benchmarks,Original Tree,,1,elements,50860267.0,ns,327858
RustyTree Benchmarks,Original Tree,,1,elements,49466102.0,ns,328889
RustyTree Benchmarks,Original Tree,,1,elements,50651994.0,ns,329920
RustyTree Benchmarks,Original Tree,,1,elements,49728598.0,ns,330951
RustyTree Benchmarks,Original Tree,,1,elements,50915200.0,ns,331982
RustyTree Benchmarks,Original Tree,,1,elements,48779938.0,ns,333013
RustyTree Benchmarks,Original Tree,,1,elements,49747687.0,ns,334044
RustyTree Benchmarks,Original Tree,,1,elements,50237529.0,ns,335075
RustyTree Benchmarks,Original Tree,,1,elements,49152432.0,ns,336106
RustyTree Benchmarks,Original Tree,,1,elements,50757223.0,ns,337137
RustyTree Benchmarks,Original Tree,,1,elements,50614455.0,ns,338168
RustyTree Benchmarks,Original Tree,,1,elements,50942964.0,ns,339199
RustyTree Benchmarks,Original Tree,,1,elements,51372562.0,ns,340230
RustyTree Benchmarks,Original Tree,,1,elements,51528671.0,ns,341261
RustyTree Benchmarks,Original Tree,,1,elements,51801404.0,ns,342292
RustyTree Benchmarks,Original Tree,,1,elements,51078133.0,ns,343323
RustyTree Benchmarks,Original Tree,,1,elements,56823076.0,ns,344354
RustyTree Benchmarks,Original Tree,,1,elements,52452654.0,ns,345385
RustyTree Benchmarks,Original Tree,,1,elements,51787523.0,ns,346416
RustyTree Benchmarks,Original Tree,,1,elements,53351706.0,ns,347447
RustyTree Benchmarks,Original Tree,,1,elements,53453501.0,ns,348478
RustyTree Benchmarks,Original Tree,,1,elements,52099981.0,ns,349509
RustyTree Benchmarks,Original Tree,,1,elements,53292863.0,ns,350540
RustyTree Benchmarks,Original Tree,,1,elements,52117575.0,ns,351571
RustyTree Benchmarks,Original Tree,,1,elements,53653616.0,ns,352602
RustyTree Benchmarks,Original Tree,,1,elements,52305263.0,ns,353633
RustyTree Benchmarks,Original Tree,,1,elements,53736706.0,ns,354664
RustyTree Benchmarks,Original Tree,,1,elements,53800788.0,ns,355695
RustyTree Benchmarks,Original Tree,,1,elements,52857596.0,ns,356726
RustyTree Benchmarks,Original Tree,,1,elements,53088026.0,ns,357757
RustyTree Benchmarks,Original Tree,,1,elements,54278047.0,ns,358788
RustyTree Benchmarks,Original Tree,,1,elements,53700415.0,ns,359819
RustyTree Benchmarks,Original Tree,,1,elements,54384166.0,ns,360850
RustyTree Benchmarks,Original Tree,,1,elements,52677164.0,ns,361881
RustyTree Benchmarks,Original Tree,,1,elements,54735017.0,ns,362912
RustyTree Benchmarks,Original Tree,,1,elements,55993370.0,ns,363943
RustyTree Benchmarks,Original Tree,,1,elements,54973698.0,ns,364974
RustyTree Benchmarks,Original Tree,,1,elements,54816786.0,ns,366005
RustyTree Benchmarks,Original Tree,,1,elements,54607468.0,ns,367036
RustyTree Benchmarks,Original Tree,,1,elements,55218615.0,ns,368067
RustyTree Benchmarks,Original Tree,,1,elements,55761198.0,ns,369098
RustyTree Benchmarks,Original Tree,,1,elements,54770737.0,ns,370129
RustyTree Benchmarks,Original Tree,,1,elements,55442843.0,ns,371160
RustyTree Benchmarks,Original Tree,,1,elements,55246780.0,ns,372191
RustyTree Benchmarks,Original Tree,,1,elements,54248389.0,ns,373222
RustyTree Benchmarks,Original Tree,,1,elements,56296352.0,ns,374253
RustyTree Benchmarks,Original Tree,,1,elements,55299107.0,ns,375284
RustyTree Benchmarks,Original Tree,,1,elements,56176628.0,ns,376315
RustyTree Benchmarks,Original Tree,,1,elements,55807259.0,ns,377346
RustyTree Benchmarks,Original Tree,,1,elements,56138616.0,ns,378377
RustyTree Benchmarks,Original Tree,,1,elements,55463918.0,ns,379408
RustyTree Benchmarks,Original Tree,,1,elements,56437551.0,ns,380439
RustyTree Benchmarks,Original Tree,,1,elements,56388816.0,ns,381470
RustyTree Benchmarks,Original Tree,,1,elements,56445530.0,ns,382501
RustyTree Benchmarks,Original Tree,,1,elements,56192282.0,ns,383532
RustyTree Benchmarks,Original Tree,,1,elements,55947612.0,ns,384563
RustyTree Benchmarks,Original Tree,,1,elements,56460493.0,ns,385594
RustyTree Benchmarks,Original Tree,,1,elements,57240216.0,ns,386625
RustyTree Benchmarks,Original Tree,,1,elements,57057192.0,ns,387656
RustyTree Benchmarks,Original Tree,,1,elements,57711968.0,ns,388687
RustyTree Benchmarks,Original Tree,,1,elements,58273463.0,ns,389718
RustyTree Benchmarks,Original Tree,,1,elements,58116688.0,ns,390749
RustyTree Benchmarks,Original Tree,,1,elements,58182934.0,ns,391780
RustyTree Benchmarks,Original Tree,,1,elements,58038789.0,ns,392811
RustyTree Benchmarks,Original Tree,,1,elements,61036007.0,ns,393842
RustyTree Benchmarks,Original Tree,,1,elements,59188758.0,ns,394873
RustyTree Benchmarks,Original Tree,,1,elements,59200955.0,ns,395904
RustyTree Benchmarks,Original Tree,,1,elements,59932740.0,ns,396935
RustyTree Benchmarks,Original Tree,,1,elements,60300437.0,ns,397966
RustyTree Benchmarks,Original Tree,,1,elements,60405162.0,ns,398997
RustyTree Benchmarks,Original Tree,,1,elements,60942351.0,ns,400028
RustyTree Benchmarks,Original Tree,,1,elements,60532103.0,ns,401059
RustyTree Benchmarks,Original Tree,,1,elements,60602612.0,ns,402090
RustyTree Benchmarks,Original Tree,,1,elements,60833631.0,ns,403121
RustyTree Benchmarks,Original Tree,,1,elements,60962532.0,ns,404152
RustyTree Benchmarks,Original Tree,,1,elements,60876538.0,ns,405183
RustyTree Benchmarks,Original Tree,,1,elements,60368404.0,ns,406214
RustyTree Benchmarks,Original Tree,,1,elements,59994346.0,ns,407245
RustyTree Benchmarks,Original Tree,,1,elements,59078784.0,ns,408276
RustyTree Benchmarks,Original Tree,,1,elements,59127097.0,ns,409307
RustyTree Benchmarks,Original Tree,,1,elements,58831245.0,ns,410338
RustyTree Benchmarks,Original Tree,,1,elements,59086774.0,ns,411369
RustyTree Benchmarks,Original Tree,,1,elements,59307862.0,ns,412400
RustyTree Benchmarks,Original Tree,,1,elements,59901336.0,ns,413431
RustyTree Benchmarks,Original Tree,,1,elements,59754123.0,ns,414462
RustyTree Benchmarks,Original Tree,,1,elements,59276025.0,ns,415493
RustyTree Benchmarks,Original Tree,,1,elements,59738904.0,ns,416524
RustyTree Benchmarks,Original Tree,,1,elements,60820901.0,ns,417555
RustyTree Benchmarks,Original Tree,,1,elements,61929116.0,ns,418586
RustyTree Benchmarks,Original Tree,,1,elements,60670073.0,ns,419617
RustyTree Benchmarks,Original Tree,,1,elements,60483086.0,ns,420648
RustyTree Benchmarks,Original Tree,,1,elements,60754717.0,ns,421679
RustyTree Benchmarks,Original Tree,,1,elements,62143515.0,ns,422710
RustyTree Benchmarks,Original Tree,,1,elements,61834070.0,ns,423741
RustyTree Benchmarks,Original Tree,,1,elements,61376616.0,ns,424772
RustyTree Benchmarks,Original Tree,,1,elements,60758408.0,ns,425803
RustyTree Benchmarks,Original Tree,,1,elements,63333162.0,ns,426834
RustyTree Benchmarks,Original Tree,,1,elements,62529971.0,ns,427865
RustyTree Benchmarks,Original Tree,,1,elements,62104487.0,ns,428896
RustyTree Benchmarks,Original Tree,,1,elements,63160724.0,ns,429927
RustyTree Benchmarks,Original Tree,,1,elements,64585968.0,ns,430958
RustyTree Benchmarks,Original Tree,,1,elements,63177897.0,ns,431989
RustyTree Benchmarks,Original Tree,,1,elements,63009342.0,ns,433020
RustyTree Benchmarks,Original Tree,,1,elements,65371279.0,ns,434051
RustyTree Benchmarks,Original Tree,,1,elements,63220327.0,ns,435082
RustyTree Benchmarks,Original Tree,,1,elements,65045064.0,ns,436113
RustyTree Benchmarks,Original Tree,,1,elements,64270167.0,ns,437144
RustyTree Benchmarks,Original Tree,,1,elements,64168558.0,ns,438175
RustyTree Benchmarks,Original Tree,,1,elements,65011677.0,ns,439206
RustyTree Benchmarks,Original Tree,,1,elements,63011972.0,ns,440237
RustyTree Benchmarks,Original Tree,,1,elements,63908019.0,ns,441268
RustyTree Benchmarks,Original Tree,,1,elements,65002445.0,ns,442299
RustyTree Benchmarks,Original Tree,,1,elements,63518781.0,ns,443330
RustyTree Benchmarks,Original Tree,,1,elements,65281763.0,ns,444361
RustyTree Benchmarks,Original Tree,,1,elements,63951319.0,ns,445392
RustyTree Benchmarks,Original Tree,,1,elements,64096619.0,ns,446423
RustyTree Benchmarks,Original Tree,,1,elements,65806444.0,ns,447454
RustyTree Benchmarks,Original Tree,,1,elements,62534066.0,ns,448485
RustyTree Benchmarks,Original Tree,,1,elements,64187512.0,ns,449516
RustyTree Benchmarks,Original Tree,,1,elements,62465027.0,ns,450547
RustyTree Benchmarks,Original Tree,,1,elements,64100305.0,ns,451578
RustyTree Benchmarks,Original Tree,,1,elements,63198531.0,ns,452609
RustyTree Benchmarks,Original Tree,,1,elements,65121353.0,ns,453640
RustyTree Benchmarks,Original Tree,,1,elements,64129180.0,ns,454671
RustyTree Benchmarks,Original Tree,,1,elements,66378487.0,ns,455702
RustyTree Benchmarks,Original Tree,,1,elements,63925659.0,ns,456733
RustyTree Benchmarks,Original Tree,,1,elements,65384012.0,ns,457764
RustyTree Benchmarks,Original Tree,,1,elements,63016138.0,ns,458795
RustyTree Benchmarks,Original Tree,,1,elements,64997081.0,ns,459826
RustyTree Benchmarks,Original Tree,,1,elements,64244067.0,ns,460857
RustyTree Benchmarks,Original Tree,,1,elements,65578554.0,ns,461888
RustyTree Benchmarks,Original Tree,,1,elements,64748041.0,ns,462919
RustyTree Benchmarks,Original Tree,,1,elements,65589919.0,ns,463950
RustyTree Benchmarks,Original Tree,,1,elements,65632877.0,ns,464981
RustyTree Benchmarks,Original Tree,,1,elements,66118022.0,ns,466012
RustyTree Benchmarks,Original Tree,,1,elements,66300717.0,ns,467043
RustyTree Benchmarks,Original Tree,,1,elements,64876092.0,ns,468074
RustyTree Benchmarks,Original Tree,,1,elements,66487705.0,ns,469105
RustyTree Benchmarks,Original Tree,,1,elements,66190114.0,ns,470136
RustyTree Benchmarks,Original Tree,,1,elements,64216459.0,ns,471167
RustyTree Benchmarks,Original Tree,,1,elements,65891101.0,ns,472198
RustyTree Benchmarks,Original Tree,,1,elements,67484941.0,ns,473229
RustyTree Benchmarks,Original Tree,,1,elements,64802733.0,ns,474260
RustyTree Benchmarks,Original Tree,,1,elements,68362763.0,ns,475291
RustyTree Benchmarks,Original Tree,,1,elements,65682651.0,ns,476322
RustyTree Benchmarks,Original Tree,,1,elements,67265608.0,ns,477353
RustyTree Benchmarks,Original Tree,,1,elements,66984328.0,ns,478384
RustyTree Benchmarks,Original Tree,,1,elements,67690575.0,ns,479415
RustyTree Benchmarks,Original Tree,,1,elements,65276971.0,ns,480446
RustyTree Benchmarks,Original Tree,,1,elements,66682637.0,ns,481477
RustyTree Benchmarks,Original Tree,,1,elements,67833236.0,ns,482508
RustyTree Benchmarks,Original Tree,,1,elements,66518274.0,ns,483539
RustyTree Benchmarks,Original Tree,,1,elements,67763258.0,ns,484570
RustyTree Benchmarks,Original Tree,,1,elements,68298511.0,ns,485601
RustyTree Benchmarks,Original Tree,,1,elements,69502035.0,ns,486632
RustyTree Benchmarks,Original Tree,,1,elements,67159615.0,ns,487663
RustyTree Benchmarks,Original Tree,,1,elements,67957657.0,ns,488694
RustyTree Benchmarks,Original Tree,,1,elements,69052139.0,ns,489725
RustyTree Benchmarks,Original Tree,,1,elements,71248427.0,ns,490756
RustyTree Benchmarks,Original Tree,,1,elements,68847502.0,ns,491787
RustyTree Benchmarks,Original Tree,,1,elements,69885866.0,ns,492818
RustyTree Benchmarks,Original Tree,,1,elements,69921974.0,ns,493849
RustyTree Benchmarks,Original Tree,,1,elements,70258846.0,ns,494880
RustyTree Benchmarks,Original Tree,,1,elements,71235583.0,ns,495911
RustyTree Benchmarks,Original Tree,,1,elements,69274758.0,ns,496942
RustyTree Benchmarks,Original Tree,,1,elements,70315828.0,ns,497973
RustyTree Benchmarks,Original Tree,,1,elements,71196526.0,ns,499004
RustyTree Benchmarks,Original Tree,,1,elements,71072637.0,ns,500035
RustyTree Benchmarks,Original Tree,,1,elements,70989151.0,ns,501066
RustyTree Benchmarks,Original Tree,,1,elements,70287287.0,ns,502097
RustyTree Benchmarks,Original Tree,,1,elements,67432715.0,ns,503128
RustyTree Benchmarks,Original Tree,,1,elements,70736084.0,ns,504159
RustyTree Benchmarks,Original Tree,,1,elements,70828260.0,ns,505190
RustyTree Benchmarks,Original Tree,,1,elements,72139333.0,ns,506221
RustyTree Benchmarks,Original Tree,,1,elements,72920660.0,ns,507252
RustyTree Benchmarks,Original Tree,,1,elements,71908480.0,ns,508283
RustyTree Benchmarks,Original Tree,,1,elements,71358672.0,ns,509314
RustyTree Benchmarks,Original Tree,,1,elements,71781038.0,ns,510345
RustyTree Benchmarks,Original Tree,,1,elements,72713902.0,ns,511376
RustyTree Benchmarks,Original Tree,,1,elements,71788613.0,ns,512407
RustyTree Benchmarks,Original Tree,,1,elements,73862438.0,ns,513438
RustyTree Benchmarks,Original Tree,,1,elements,72498243.0,ns,514469
RustyTree Benchmarks,Original Tree,,1,elements,71811072.0,ns,515500
RustyTree Benchmarks,Original Tree,,1,elements,70395660.0,ns,516531
RustyTree Benchmarks,Original Tree,,1,elements,72996614.0,ns,517562
RustyTree Benchmarks,Original Tree,,1,elements,71753811.0,ns,518593
RustyTree Benchmarks,Original Tree,,1,elements,74057617.0,ns,519624
RustyTree Benchmarks,Original Tree,,1,elements,74153995.0,ns,520655
RustyTree Benchmarks,Original Tree,,1,elements,74334952.0,ns,521686
RustyTree Benchmarks,Original Tree,,1,elements,74748945.0,ns,522717
RustyTree Benchmarks,Original Tree,,1,elements,76570433.0,ns,523748
RustyTree Benchmarks,Original Tree,,1,elements,75849799.0,ns,524779
RustyTree Benchmarks,Original Tree,,1,elements,75541248.0,ns,525810
RustyTree Benchmarks,Original Tree,,1,elements,75283947.0,ns,526841
RustyTree Benchmarks,Original Tree,,1,elements,75246683.0,ns,527872
RustyTree Benchmarks,Original Tree,,1,elements,75160794.0,ns,528903
RustyTree Benchmarks,Original Tree,,1,elements,74574865.0,ns,529934
RustyTree Benchmarks,Original Tree,,1,elements,75450481.0,ns,530965
RustyTree Benchmarks,Original Tree,,1,elements,74717318.0,ns,531996
RustyTree Benchmarks,Original Tree,,1,elements,74786380.0,ns,533027
RustyTree Benchmarks,Original Tree,,1,elements,76035505.0,ns,534058
RustyTree Benchmarks,Original Tree,,1,elements,75149358.0,ns,535089
RustyTree Benchmarks,Original Tree,,1,elements,74625372.0,ns,536120
RustyTree Benchmarks,Original Tree,,1,elements,76286474.0,ns,537151
RustyTree Benchmarks,Original Tree,,1,elements,75762717.0,ns,538182
RustyTree Benchmarks,Original Tree,,1,elements,77207676.0,ns,539213
RustyTree Benchmarks,Original Tree,,1,elements,75623655.0,ns,540244
RustyTree Benchmarks,Original Tree,,1,elements,76279949.0,ns,541275
RustyTree Benchmarks,Original Tree,,1,elements,83289565.0,ns,542306
RustyTree Benchmarks,Original Tree,,1,elements,78839805.0,ns,543337
RustyTree Benchmarks,Original Tree,,1,elements,76459596.0,ns,544368
RustyTree Benchmarks,Original Tree,,1,elements,76825258.0,ns,545399
RustyTree Benchmarks,Original Tree,,1,elements,78411539.0,ns,546430
RustyTree Benchmarks,Original Tree,,1,elements,78029803.0,ns,547461
RustyTree Benchmarks,Original Tree,,1,elements,80417771.0,ns,548492
RustyTree Benchmarks,Original Tree,,1,elements,78995337.0,ns,549523
RustyTree Benchmarks,Original Tree,,1,elements,78721088.0,ns,550554
RustyTree Benchmarks,Original Tree,,1,elements,79098968.0,ns,551585
RustyTree Benchmarks,Original Tree,,1,elements,81102420.0,ns,552616
RustyTree Benchmarks,Original Tree,,1,elements,79942709.0,ns,553647
RustyTree Benchmarks,Original Tree,,1,elements,79636891.0,ns,554678
RustyTree Benchmarks,Original Tree,,1,elements,79466225.0,ns,555709
RustyTree Benchmarks,Original Tree,,1,elements,80588460.0,ns,556740
RustyTree Benchmarks,Original Tree,,1,elements,77985569.0,ns,557771
RustyTree Benchmarks,Original Tree,,1,elements,78431636.0,ns,558802
RustyTree Benchmarks,Original Tree,,1,elements,79483889.0,ns,559833
RustyTree Benchmarks,Original Tree,,1,elements,81165593.0,ns,560864
RustyTree Benchmarks,Original Tree,,1,elements,79811227.0,ns,561895
RustyTree Benchmarks,Original Tree,,1,elements,80081064.0,ns,562926
RustyTree Benchmarks,Original Tree,,1,elements,81150178.0,ns,563957
RustyTree Benchmarks,Original Tree,,1,elements,80614159.0,ns,564988
RustyTree Benchmarks,Original Tree,,1,elements,80207404.0,ns,566019
RustyTree Benchmarks,Original Tree,,1,elements,81652817.0,ns,567050
RustyTree Benchmarks,Original Tree,,1,elements,80618377.0,ns,568081
RustyTree Benchmarks,Original Tree,,1,elements,83586685.0,ns,569112
RustyTree Benchmarks,Original Tree,,1,elements,79817595.0,ns,570143
RustyTree Benchmarks,Original Tree,,1,elements,80923322.0,ns,571174
RustyTree Benchmarks,Original Tree,,1,elements,83323951.0,ns,572205
RustyTree Benchmarks,Original Tree,,1,elements,82911093.0,ns,573236
RustyTree Benchmarks,Original Tree,,1,elements,85062415.0,ns,574267
RustyTree Benchmarks,Original Tree,,1,elements,82435615.0,ns,575298
RustyTree Benchmarks,Original Tree,,1,elements,82798001.0,ns,576329
RustyTree Benchmarks,Original Tree,,1,elements,86293643.0,ns,577360
RustyTree Benchmarks,Original Tree,,1,elements,83587470.0,ns,578391
RustyTree Benchmarks,Original Tree,,1,elements,85924498.0,ns,579422
RustyTree Benchmarks,Original Tree,,1,elements,83438784.0,ns,580453
RustyTree Benchmarks,Original Tree,,1,elements,85303169.0,ns,581484
RustyTree Benchmarks,Original Tree,,1,elements,82568355.0,ns,582515
RustyTree Benchmarks,Original Tree,,1,elements,84710086.0,ns,583546
RustyTree Benchmarks,Original Tree,,1,elements,83362405.0,ns,584577
RustyTree Benchmarks,Original Tree,,1,elements,84869259.0,ns,585608
RustyTree Benchmarks,Original Tree,,1,elements,83070580.0,ns,586639
RustyTree Benchmarks,Original Tree,,1,elements,84271676.0,ns,587670
RustyTree Benchmarks,Original Tree,,1,elements,83527537.0,ns,588701
RustyTree Benchmarks,Original Tree,,1,elements,86035124.0,ns,589732
RustyTree Benchmarks,Original Tree,,1,elements,82687079.0,ns,590763
RustyTree Benchmarks,Original Tree,,1,elements,85724724.0,ns,591794
RustyTree Benchmarks,Original Tree,,1,elements,82467732.0,ns,592825
RustyTree Benchmarks,Original Tree,,1,elements,85662655.0,ns,593856
RustyTree Benchmarks,Original Tree,,1,elements,85471032.0,ns,594887
RustyTree Benchmarks,Original Tree,,1,elements,83838798.0,ns,595918
RustyTree Benchmarks,Original Tree,,1,elements,87295906.0,ns,596949
RustyTree Benchmarks,Original Tree,,1,elements,86334117.0,ns,597980
RustyTree Benchmarks,Original Tree,,1,elements,88218285.0,ns,599011
RustyTree Benchmarks,Original Tree,,1,elements,88506599.0,ns,600042
RustyTree Benchmarks,Original Tree,,1,elements,86287545.0,ns,601073
RustyTree Benchmarks,Original Tree,,1,elements,91393052.0,ns,602104
RustyTree Benchmarks,Original Tree,,1,elements,89186345.0,ns,603135
RustyTree Benchmarks,Original Tree,,1,elements,91349496.0,ns,604166
RustyTree Benchmarks,Original Tree,,1,elements,91347615.0,ns,605197
RustyTree Benchmarks,Original Tree,,1,elements,89024286.0,ns,606228
RustyTree Benchmarks,Original Tree,,1,elements,90023761.0,ns,607259
RustyTree Benchmarks,Original Tree,,1,elements,90629755.0,ns,608290
RustyTree Benchmarks,Original Tree,,1,elements,88485011.0,ns,609321
RustyTree Benchmarks,Original Tree,,1,elements,91187382.0,ns,610352
RustyTree Benchmarks,Original Tree,,1,elements,92147196.0,ns,611383
RustyTree Benchmarks,Original Tree,,1,elements,91652674.0,ns,612414
RustyTree Benchmarks,Original Tree,,1,elements,91053012.0,ns,613445
RustyTree Benchmarks,Original Tree,,1,elements,91989271.0,ns,614476
RustyTree Benchmarks,Original Tree,,1,elements,92043365.0,ns,615507
RustyTree Benchmarks,Original Tree,,1,elements,90420449.0,ns,616538
RustyTree Benchmarks,Original Tree,,1,elements,93417939.0,ns,617569
RustyTree Benchmarks,Original Tree,,1,elements,91182735.0,ns,618600
RustyTree Benchmarks,Original Tree,,1,elements,92083897.0,ns,619631
RustyTree Benchmarks,Original Tree,,1,elements,96382309.0,ns,620662
RustyTree Benchmarks,Original Tree,,1,elements,94737084.0,ns,621693
RustyTree Benchmarks,Original Tree,,1,elements,93905307.0,ns,622724
RustyTree Benchmarks,Original Tree,,1,elements,94968293.0,ns,623755
RustyTree Benchmarks,Original Tree,,1,elements,98595700.0,ns,624786
RustyTree Benchmarks,Original Tree,,1,elements,91950226.0,ns,625817
RustyTree Benchmarks,Original Tree,,1,elements,94312798.0,ns,626848
RustyTree Benchmarks,Original Tree,,1,elements,95279734.0,ns,627879
RustyTree Benchmarks,Original Tree,,1,elements,94179638.0,ns,628910
RustyTree Benchmarks,Original Tree,,1,elements,95775717.0,ns,629941
RustyTree Benchmarks,Original Tree,,1,elements,96822002.0,ns,630972
RustyTree Benchmarks,Original Tree,,1,elements,95231054.0,ns,632003
RustyTree Benchmarks,Original Tree,,1,elements,93301307.0,ns,633034
RustyTree Benchmarks,Original Tree,,1,elements,96706930.0,ns,634065
RustyTree Benchmarks,Original Tree,,1,elements,98111323.0,ns,635096
RustyTree Benchmarks,Original Tree,,1,elements,97414940.0,ns,636127
RustyTree Benchmarks,Original Tree,,1,elements,96732270.0,ns,637158
RustyTree Benchmarks,Original Tree,,1,elements,96666527.0,ns,638189
RustyTree Benchmarks,Original Tree,,1,elements,94705856.0,ns,639220
RustyTree Benchmarks,Original Tree,,1,elements,95810953.0,ns,640251
RustyTree Benchmarks,Original Tree,,1,elements,96812647.0,ns,641282
RustyTree Benchmarks,Original Tree,,1,elements,97956583.0,ns,642313
RustyTree Benchmarks,Original Tree,,1,elements,98055675.0,ns,643344
RustyTree Benchmarks,Original Tree,,1,elements,95211725.0,ns,644375
RustyTree Benchmarks,Original Tree,,1,elements,98222237.0,ns,645406
RustyTree Benchmarks,Original Tree,,1,elements,99307033.0,ns,646437
RustyTree Benchmarks,Original Tree,,1,elements,97119765.0,ns,647468
RustyTree Benchmarks,Original Tree,,1,elements,99775262.0,ns,648499
RustyTree Benchmarks,Original Tree,,1,elements,98425987.0,ns,649530
RustyTree Benchmarks,Original Tree,,1,elements,98014138.0,ns,650561
RustyTree Benchmarks,Original Tree,,1,elements,100311053.0,ns,651592
RustyTree Benchmarks,Original Tree,,1,elements,97204972.0,ns,652623
RustyTree Benchmarks,Original Tree,,1,elements,98813046.0,ns,653654
RustyTree Benchmarks,Original Tree,,1,elements,97608452.0,ns,654685
RustyTree Benchmarks,Original Tree,,1,elements,99063557.0,ns,655716
RustyTree Benchmarks,Original Tree,,1,elements,100399170.0,ns,656747
RustyTree Benchmarks,Original Tree,,1,elements,99020989.0,ns,657778
RustyTree Benchmarks,Original Tree,,1,elements,98371187.0,ns,658809
RustyTree Benchmarks,Original Tree,,1,elements,100592273.0,ns,659840
RustyTree Benchmarks,Original Tree,,1,elements,100500796.0,ns,660871
RustyTree Benchmarks,Original Tree,,1,elements,99864549.0,ns,661902
RustyTree Benchmarks,Original Tree,,1,elements,101013372.0,ns,662933
RustyTree Benchmarks,Original Tree,,1,elements,102063199.0,ns,663964
RustyTree Benchmarks,Original Tree,,1,elements,102340734.0,ns,664995
RustyTree Benchmarks,Original Tree,,1,elements,102081114.0,ns,666026
RustyTree Benchmarks,Original Tree,,1,elements,102561052.0,ns,667057
RustyTree Benchmarks,Original Tree,,1,elements,106221742.0,ns,668088
RustyTree Benchmarks,Original Tree,,1,elements,104471516.0,ns,669119
RustyTree Benchmarks,Original Tree,,1,elements,103696498.0,ns,670150
RustyTree Benchmarks,Original Tree,,1,elements,102065660.0,ns,671181
RustyTree Benchmarks,Original Tree,,1,elements,104764453.0,ns,672212
RustyTree Benchmarks,Original Tree,,1,elements,105672291.0,ns,673243
RustyTree Benchmarks,Original Tree,,1,elements,103294676.0,ns,674274
RustyTree Benchmarks,Original Tree,,1,elements,102469137.0,ns,675305
RustyTree Benchmarks,Original Tree,,1,elements,103976704.0,ns,676336
RustyTree Benchmarks,Original Tree,,1,elements,102432279.0,ns,677367
RustyTree Benchmarks,Original Tree,,1,elements,103162071.0,ns,678398
RustyTree Benchmarks,Original Tree,,1,elements,105693796.0,ns,679429
RustyTree Benchmarks,Original Tree,,1,elements,102900446.0,ns,680460
RustyTree Benchmarks,Original Tree,,1,elements,104647859.0,ns,681491
RustyTree Benchmarks,Original Tree,,1,elements,105647107.0,ns,682522
RustyTree Benchmarks,Original Tree,,1,elements,108344533.0,ns,683553
RustyTree Benchmarks,Original Tree,,1,elements,105606878.0,ns,684584
RustyTree Benchmarks,Original Tree,,1,elements,106784342.0,ns,685615
RustyTree Benchmarks,Original Tree,,1,elements,105553333.0,ns,686646
RustyTree Benchmarks,Original Tree,,1,elements,108911231.0,ns,687677
RustyTree Benchmarks,Original Tree,,1,elements,106577300.0,ns,688708
RustyTree Benchmarks,Original Tree,,1,elements,104830293.0,ns,689739
RustyTree Benchmarks,Original Tree,,1,elements,111117622.0,ns,690770
RustyTree Benchmarks,Original Tree,,1,elements,115970587.0,ns,691801
RustyTree Benchmarks,Original Tree,,1,elements,116314131.0,ns,692832
RustyTree Benchmarks,Original Tree,,1,elements,118191494.0,ns,693863
RustyTree Benchmarks,Original Tree,,1,elements,115114626.0,ns,694894
RustyTree Benchmarks,Original Tree,,1,elements,117637997.0,ns,695925
RustyTree Benchmarks,Original Tree,,1,elements,120218561.0,ns,696956
RustyTree Benchmarks,Original Tree,,1,elements,117889786.0,ns,697987
RustyTree Benchmarks,Original Tree,,1,elements,116815537.0,ns,699018
RustyTree Benchmarks,Original Tree,,1,elements,121505466.0,ns,700049
RustyTree Benchmarks,Original Tree,,1,elements,119957248.0,ns,701080
RustyTree Benchmarks,Original Tree,,1,elements,121896161.0,ns,702111
RustyTree Benchmarks,Original Tree,,1,elements,120779267.0,ns,703142
RustyTree Benchmarks,Original Tree,,1,elements,120078569.0,ns,704173
RustyTree Benchmarks,Original Tree,,1,elements,123419938.0,ns,705204
RustyTree Benchmarks,Original Tree,,1,elements,125139452.0,ns,706235
RustyTree Benchmarks,Original Tree,,1,elements,125636991.0,ns,707266
RustyTree Benchmarks,Original Tree,,1,elements,122240586.0,ns,708297
RustyTree Benchmarks,Original Tree,,1,elements,127173702.0,ns,709328
RustyTree Benchmarks,Original Tree,,1,elements,122963436.0,ns,710359
RustyTree Benchmarks,Original Tree,,1,elements,129316465.0,ns,711390
RustyTree Benchmarks,Original Tree,,1,elements,126954840.0,ns,712421
RustyTree Benchmarks,Original Tree,,1,elements,124688190.0,ns,713452
RustyTree Benchmarks,Original Tree,,1,elements,129425141.0,ns,714483
RustyTree Benchmarks,Original Tree,,1,elements,126445617.0,ns,715514
RustyTree Benchmarks,Original Tree,,1,elements,127087647.0,ns,716545
RustyTree Benchmarks,Original Tree,,1,elements,134774270.0,ns,717576
RustyTree Benchmarks,Original Tree,,1,elements,130141563.0,ns,718607
RustyTree Benchmarks,Original Tree,,1,elements,130405148.0,ns,719638
RustyTree Benchmarks,Original Tree,,1,elements,130400770.0,ns,720669
RustyTree Benchmarks,Original Tree,,1,elements,131723623.0,ns,721700
RustyTree Benchmarks,Original Tree,,1,elements,130704123.0,ns,722731
RustyTree Benchmarks,Original Tree,,1,elements,132095931.0,ns,723762
RustyTree Benchmarks,Original Tree,,1,elements,129202373.0,ns,724793
RustyTree Benchmarks,Original Tree,,1,elements,128160531.0,ns,725824
RustyTree Benchmarks,Original Tree,,1,elements,132589795.0,ns,726855
RustyTree Benchmarks,Original Tree,,1,elements,127972435.0,ns,727886
RustyTree Benchmarks,Original Tree,,1,elements,131055863.0,ns,728917
RustyTree Benchmarks,Original Tree,,1,elements,128278828.0,ns,729948
RustyTree Benchmarks,Original Tree,,1,elements,131203214.0,ns,730979
RustyTree Benchmarks,Original Tree,,1,elements,129886103.0,ns,732010
RustyTree Benchmarks,Original Tree,,1,elements,129404202.0,ns,733041
RustyTree Benchmarks,Original Tree,,1,elements,134223448.0,ns,734072
RustyTree Benchmarks,Original Tree,,1,elements,135628091.0,ns,735103
RustyTree Benchmarks,Original Tree,,1,elements,135187881.0,ns,736134
RustyTree Benchmarks,Original Tree,,1,elements,137278194.0,ns,737165
RustyTree Benchmarks,Original Tree,,1,elements,137793742.0,ns,738196
RustyTree Benchmarks,Original Tree,,1,elements,132215895.0,ns,739227
RustyTree Benchmarks,Original Tree,,1,elements,131965356.0,ns,740258
RustyTree Benchmarks,Original Tree,,1,elements,133502003.0,ns,741289
RustyTree Benchmarks,Original Tree,,1,elements,132001526.0,ns,742320
RustyTree Benchmarks,Original Tree,,1,elements,138447860.0,ns,743351
RustyTree Benchmarks,Original Tree,,1,elements,135458528.0,ns,744382
RustyTree Benchmarks,Original Tree,,1,elements,135785679.0,ns,745413
RustyTree Benchmarks,Original Tree,,1,elements,138514131.0,ns,746444
RustyTree Benchmarks,Original Tree,,1,elements,135389226.0,ns,747475
RustyTree Benchmarks,Original Tree,,1,elements,140114908.0,ns,748506
RustyTree Benchmarks,Original Tree,,1,elements,139084695.0,ns,749537
RustyTree Benchmarks,Original Tree,,1,elements,140556184.0,ns,750568
RustyTree Benchmarks,Original Tree,,1,elements,140459507.0,ns,751599
RustyTree Benchmarks,Original Tree,,1,elements,138592966.0,ns,752630
RustyTree Benchmarks,Original Tree,,1,elements,140333262.0,ns,753661
RustyTree Benchmarks,Original Tree,,1,elements,133642870.0,ns,754692
RustyTree Benchmarks,Original Tree,,1,elements,136537377.0,ns,755723
RustyTree Benchmarks,Original Tree,,1,elements,138562080.0,ns,756754
RustyTree Benchmarks,Original Tree,,1,elements,139543525.0,ns,757785
RustyTree Benchmarks,Original Tree,,1,elements,136954387.0,ns,758816
RustyTree Benchmarks,Original Tree,,1,elements,137532386.0,ns,759847
RustyTree Benchmarks,Original Tree,,1,elements,135679568.0,ns,760878
RustyTree Benchmarks,Original Tree,,1,elements,139174340.0,ns,761909
RustyTree Benchmarks,Original Tree,,1,elements,141414927.0,ns,762940
RustyTree Benchmarks,Original Tree,,1,elements,142829579.0,ns,763971
RustyTree Benchmarks,Original Tree,,1,elements,143180007.0,ns,765002
RustyTree Benchmarks,Original Tree,,1,elements,144024496.0,ns,766033
RustyTree Benchmarks,Original Tree,,1,elements,141158890.0,ns,767064
RustyTree Benchmarks,Original Tree,,1,elements,143175781.0,ns,768095
RustyTree Benchmarks,Original Tree,,1,elements,138929172.0,ns,769126
RustyTree Benchmarks,Original Tree,,1,elements,135783401.0,ns,770157
RustyTree Benchmarks,Original Tree,,1,elements,136183521.0,ns,771188
RustyTree Benchmarks,Original Tree,,1,elements,136782329.0,ns,772219
RustyTree Benchmarks,Original Tree,,1,elements,136748995.0,ns,773250
RustyTree Benchmarks,Original Tree,,1,elements,136530726.0,ns,774281
RustyTree Benchmarks,Original Tree,,1,elements,138081465.0,ns,775312
RustyTree Benchmarks,Original Tree,,1,elements,136754312.0,ns,776343
RustyTree Benchmarks,Original Tree,,1,elements,135578340.0,ns,777374
RustyTree Benchmarks,Original Tree,,1,elements,144575723.0,ns,778405
RustyTree Benchmarks,Original Tree,,1,elements,142494488.0,ns,779436
RustyTree Benchmarks,Original Tree,,1,elements,140863185.0,ns,780467
RustyTree Benchmarks,Original Tree,,1,elements,147359721.0,ns,781498
RustyTree Benchmarks,Original Tree,,1,elements,143543119.0,ns,782529
RustyTree Benchmarks,Original Tree,,1,elements,140883356.0,ns,783560
RustyTree Benchmarks,Original Tree,,1,elements,137267261.0,ns,784591
RustyTree Benchmarks,Original Tree,,1,elements,137664080.0,ns,785622
RustyTree Benchmarks,Original Tree,,1,elements,139268648.0,ns,786653
RustyTree Benchmarks,Original Tree,,1,elements,138722457.0,ns,787684
RustyTree Benchmarks,Original Tree,,1,elements,140930882.0,ns,788715
RustyTree Benchmarks,Original Tree,,1,elements,139521964.0,ns,789746
RustyTree Benchmarks,Original Tree,,1,elements,141666687.0,ns,790777
RustyTree Benchmarks,Original Tree,,1,elements,139035549.0,ns,791808
RustyTree Benchmarks,Original Tree,,1,elements,147136763.0,ns,792839
RustyTree Benchmarks,Original Tree,,1,elements,144443599.0,ns,793870
RustyTree Benchmarks,Original Tree,,1,elements,145312676.0,ns,794901
RustyTree Benchmarks,Original Tree,,1,elements,142253390.0,ns,795932
RustyTree Benchmarks,Original Tree,,1,elements,143698533.0,ns,796963
RustyTree Benchmarks,Original Tree,,1,elements,142050862.0,ns,797994
RustyTree Benchmarks,Original Tree,,1,elements,140036759.0,ns,799025
RustyTree Benchmarks,Original Tree,,1,elements,143813818.0,ns,800056
RustyTree Benchmarks,Original Tree,,1,elements,141270469.0,ns,801087
RustyTree Benchmarks,Original Tree,,1,elements,138801168.0,ns,802118
RustyTree Benchmarks,Original Tree,,1,elements,142306309.0,ns,803149
RustyTree Benchmarks,Original Tree,,1,elements,142565061.0,ns,804180
RustyTree Benchmarks,Original Tree,,1,elements,145481789.0,ns,805211
RustyTree Benchmarks,Original Tree,,1,elements,143156381.0,ns,806242
RustyTree Benchmarks,Original Tree,,1,elements,148507427.0,ns,807273
RustyTree Benchmarks,Original Tree,,1,elements,148649195.0,ns,808304
RustyTree Benchmarks,Original Tree,,1,elements,150756150.0,ns,809335
RustyTree Benchmarks,Original Tree,,1,elements,150807780.0,ns,810366
RustyTree Benchmarks,Original Tree,,1,elements,148718566.0,ns,811397
RustyTree Benchmarks,Original Tree,,1,elements,145622376.0,ns,812428
RustyTree Benchmarks,Original Tree,,1,elements,141213024.0,ns,813459
RustyTree Benchmarks,Original Tree,,1,elements,148864582.0,ns,814490
RustyTree Benchmarks,Original Tree,,1,elements,140725660.0,ns,815521
RustyTree Benchmarks,Original Tree,,1,elements,144841290.0,ns,816552
RustyTree Benchmarks,Original Tree,,1,elements,145114225.0,ns,817583
RustyTree Benchmarks,Original Tree,,1,elements,150518583.0,ns,818614
RustyTree Benchmarks,Original Tree,,1,elements,144904000.0,ns,819645
RustyTree Benchmarks,Original Tree,,1,elements,146201319.0,ns,820676
RustyTree Benchmarks,Original Tree,,1,elements,152211746.0,ns,821707
RustyTree Benchmarks,Original Tree,,1,elements,148255201.0,ns,822738
RustyTree Benchmarks,Original Tree,,1,elements,152479079.0,ns,823769
RustyTree Benchmarks,Original Tree,,1,elements,154122886.0,ns,824800
RustyTree Benchmarks,Original Tree,,1,elements,152044165.0,ns,825831
RustyTree Benchmarks,Original Tree,,1,elements,147838433.0,ns,826862
RustyTree Benchmarks,Original Tree,,1,elements,150273042.0,ns,827893
RustyTree Benchmarks,Original Tree,,1,elements,151652420.0,ns,828924
RustyTree Benchmarks,Original Tree,,1,elements,148282384.0,ns,829955
RustyTree Benchmarks,Original Tree,,1,elements,153673703.0,ns,830986
RustyTree Benchmarks,Original Tree,,1,elements,147223011.0,ns,832017
RustyTree Benchmarks,Original Tree,,1,elements,153116800.0,ns,833048
RustyTree Benchmarks,Original Tree,,1,elements,146767147.0,ns,834079
RustyTree Benchmarks,Original Tree,,1,elements,155086518.0,ns,835110
RustyTree Benchmarks,Original Tree,,1,elements,150883662.0,ns,836141
RustyTree Benchmarks,Original Tree,,1,elements,153344305.0,ns,837172
RustyTree Benchmarks,Original Tree,,1,elements,154587906.0,ns,838203
RustyTree Benchmarks,Original Tree,,1,elements,151963610.0,ns,839234
RustyTree Benchmarks,Original Tree,,1,elements,157284151.0,ns,840265
RustyTree Benchmarks,Original Tree,,1,elements,152110804.0,ns,841296
RustyTree Benchmarks,Original Tree,,1,elements,155441323.0,ns,842327
RustyTree Benchmarks,Original Tree,,1,elements,147703096.0,ns,843358
RustyTree Benchmarks,Original Tree,,1,elements,157320301.0,ns,844389
RustyTree Benchmarks,Original Tree,,1,elements,151933065.0,ns,845420
RustyTree Benchmarks,Original Tree,,1,elements,153995759.0,ns,846451
RustyTree Benchmarks,Original Tree,,1,elements,150519819.0,ns,847482
RustyTree Benchmarks,Original Tree,,1,elements,159146130.0,ns,848513
RustyTree Benchmarks,Original Tree,,1,elements,152820959.0,ns,849544
RustyTree Benchmarks,Original Tree,,1,elements,162923882.0,ns,850575
RustyTree Benchmarks,Original Tree,,1,elements,156220484.0,ns,851606
RustyTree Benchmarks,Original Tree,,1,elements,161037328.0,ns,852637
RustyTree Benchmarks,Original Tree,,1,elements,153643039.0,ns,853668
RustyTree Benchmarks,Original Tree,,1,elements,159284167.0,ns,854699
RustyTree Benchmarks,Original Tree,,1,elements,157760875.0,ns,855730
RustyTree Benchmarks,Original Tree,,1,elements,155102024.0,ns,856761
RustyTree Benchmarks,Original Tree,,1,elements,160997289.0,ns,857792
RustyTree Benchmarks,Original Tree,,1,elements,155599693.0,ns,858823
RustyTree Benchmarks,Original Tree,,1,elements,157356796.0,ns,859854
RustyTree Benchmarks,Original Tree,,1,elements,157704564.0,ns,860885
RustyTree Benchmarks,Original Tree,,1,elements,158461523.0,ns,861916
RustyTree Benchmarks,Original Tree,,1,elements,163187133.0,ns,862947
RustyTree Benchmarks,Original Tree,,1,elements,163947321.0,ns,863978
RustyTree Benchmarks,Original Tree,,1,elements,159320756.0,ns,865009
RustyTree Benchmarks,Original Tree,,1,elements,163323498.0,ns,866040
RustyTree Benchmarks,Original Tree,,1,elements,159348082.0,ns,867071
RustyTree Benchmarks,Original Tree,,1,elements,152208659.0,ns,868102
RustyTree Benchmarks,Original Tree,,1,elements,159576314.0,ns,869133
RustyTree Benchmarks,Original Tree,,1,elements,161478604.0,ns,870164
RustyTree Benchmarks,Original Tree,,1,elements,156164396.0,ns,871195
RustyTree Benchmarks,Original Tree,,1,elements,159752158.0,ns,872226
RustyTree Benchmarks,Original Tree,,1,elements,160484070.0,ns,873257
RustyTree Benchmarks,Original Tree,,1,elements,164114382.0,ns,874288
RustyTree Benchmarks,Original Tree,,1,elements,165484012.0,ns,875319
RustyTree Benchmarks,Original Tree,,1,elements,165148822.0,ns,876350
RustyTree Benchmarks,Original Tree,,1,elements,164401931.0,ns,877381
RustyTree Benchmarks,Original Tree,,1,elements,161249401.0,ns,878412
RustyTree Benchmarks,Original Tree,,1,elements,160730316.0,ns,879443
RustyTree Benchmarks,Original Tree,,1,elements,162140263.0,ns,880474
RustyTree Benchmarks,Original Tree,,1,elements,162424096.0,ns,881505
RustyTree Benchmarks,Original Tree,,1,elements,159579375.0,ns,882536
RustyTree Benchmarks,Original Tree,,1,elements,162445982.0,ns,883567
RustyTree Benchmarks,Original Tree,,1,elements,163211550.0,ns,884598
RustyTree Benchmarks,Original Tree,,1,elements,161958688.0,ns,885629
RustyTree Benchmarks,Original Tree,,1,elements,167745968.0,ns,886660
RustyTree Benchmarks,Original Tree,,1,elements,167814782.0,ns,887691
RustyTree Benchmarks,Original Tree,,1,elements,165682955.0,ns,888722
RustyTree Benchmarks,Original Tree,,1,elements,167153071.0,ns,889753
RustyTree Benchmarks,Original Tree,,1,elements,171753050.0,ns,890784
RustyTree Benchmarks,Original Tree,,1,elements,165380207.0,ns,891815
RustyTree Benchmarks,Original Tree,,1,elements,173465951.0,ns,892846
RustyTree Benchmarks,Original Tree,,1,elements,166358372.0,ns,893877
RustyTree Benchmarks,Original Tree,,1,elements,165474863.0,ns,894908
RustyTree Benchmarks,Original Tree,,1,elements,160232411.0,ns,895939
RustyTree Benchmarks,Original Tree,,1,elements,164014972.0,ns,896970
RustyTree Benchmarks,Original Tree,,1,elements,163697761.0,ns,898001
RustyTree Benchmarks,Original Tree,,1,elements,168550866.0,ns,899032
RustyTree Benchmarks,Original Tree,,1,elements,171141574.0,ns,900063
RustyTree Benchmarks,Original Tree,,1,elements,172523431.0,ns,901094
RustyTree Benchmarks,Original Tree,,1,elements,173258154.0,ns,902125
RustyTree Benchmarks,Original Tree,,1,elements,171289943.0,ns,903156
RustyTree Benchmarks,Original Tree,,1,elements,170609369.0,ns,904187
RustyTree Benchmarks,Original Tree,,1,elements,169392963.0,ns,905218
RustyTree Benchmarks,Original Tree,,1,elements,171821698.0,ns,906249
RustyTree Benchmarks,Original Tree,,1,elements,174593776.0,ns,907280
RustyTree Benchmarks,Original Tree,,1,elements,170289211.0,ns,908311
RustyTree Benchmarks,Original Tree,,1,elements,172227449.0,ns,909342
RustyTree Benchmarks,Original Tree,,1,elements,170567141.0,ns,910373
RustyTree Benchmarks,Original Tree,,1,elements,172726771.0,ns,911404
RustyTree Benchmarks,Original Tree,,1,elements,172632922.0,ns,912435
RustyTree Benchmarks,Original Tree,,1,elements,175336279.0,ns,913466
RustyTree Benchmarks,Original Tree,,1,elements,172625714.0,ns,914497
RustyTree Benchmarks,Original Tree,,1,elements,179564304.0,ns,915528
RustyTree Benchmarks,Original Tree,,1,elements,174196016.0,ns,916559
RustyTree Benchmarks,Original Tree,,1,elements,170740899.0,ns,917590
RustyTree Benchmarks,Original Tree,,1,elements,172688619.0,ns,918621
RustyTree Benchmarks,Original Tree,,1,elements,171289503.0,ns,919652
RustyTree Benchmarks,Original Tree,,1,elements,170738469.0,ns,920683
RustyTree Benchmarks,Original Tree,,1,elements,169655479.0,ns,921714
RustyTree Benchmarks,Original Tree,,1,elements,173028354.0,ns,922745
RustyTree Benchmarks,Original Tree,,1,elements,178774469.0,ns,923776
RustyTree Benchmarks,Original Tree,,1,elements,180200963.0,ns,924807
RustyTree Benchmarks,Original Tree,,1,elements,177175651.0,ns,925838
RustyTree Benchmarks,Original Tree,,1,elements,180944869.0,ns,926869
RustyTree Benchmarks,Original Tree,,1,elements,175565111.0,ns,927900
RustyTree Benchmarks,Original Tree,,1,elements,173243405.0,ns,928931
RustyTree Benchmarks,Original Tree,,1,elements,173652885.0,ns,929962
RustyTree Benchmarks,Original Tree,,1,elements,172167647.0,ns,930993
RustyTree Benchmarks,Original Tree,,1,elements,177359955.0,ns,932024
RustyTree Benchmarks,Original Tree,,1,elements,173411967.0,ns,933055
RustyTree Benchmarks,Original Tree,,1,elements,175011298.0,ns,934086
RustyTree Benchmarks,Original Tree,,1,elements,177770462.0,ns,935117
RustyTree Benchmarks,Original Tree,,1,elements,175506889.0,ns,936148
RustyTree Benchmarks,Original Tree,,1,elements,180922323.0,ns,937179
RustyTree Benchmarks,Original Tree,,1,elements,186156760.0,ns,938210
RustyTree Benchmarks,Original Tree,,1,elements,179233432.0,ns,939241
RustyTree Benchmarks,Original Tree,,1,elements,183704568.0,ns,940272
RustyTree Benchmarks,Original Tree,,1,elements,223208870.0,ns,941303
RustyTree Benchmarks,Original Tree,,1,elements,164337375.0,ns,942334
RustyTree Benchmarks,Original Tree,,1,elements,156410074.0,ns,943365
RustyTree Benchmarks,Original Tree,,1,elements,157168047.0,ns,944396
RustyTree Benchmarks,Original Tree,,1,elements,162999105.0,ns,945427
RustyTree Benchmarks,Original Tree,,1,elements,170213038.0,ns,946458
RustyTree Benchmarks,Original Tree,,1,elements,192478884.0,ns,947489
RustyTree Benchmarks,Original Tree,,1,elements,162858882.0,ns,948520
RustyTree Benchmarks,Original Tree,,1,elements,193490501.0,ns,949551
RustyTree Benchmarks,Original Tree,,1,elements,186094902.0,ns,950582
RustyTree Benchmarks,Original Tree,,1,elements,168681994.0,ns,951613
RustyTree Benchmarks,Original Tree,,1,elements,173346176.0,ns,952644
RustyTree Benchmarks,Original Tree,,1,elements,164662244.0,ns,953675
RustyTree Benchmarks,Original Tree,,1,elements,164823178.0,ns,954706
RustyTree Benchmarks,Original Tree,,1,elements,170867692.0,ns,955737
RustyTree Benchmarks,Original Tree,,1,elements,165151149.0,ns,956768
RustyTree Benchmarks,Original Tree,,1,elements,163467681.0,ns,957799
RustyTree Benchmarks,Original Tree,,1,elements,176152256.0,ns,958830
RustyTree Benchmarks,Original Tree,,1,elements,192740862.0,ns,959861
RustyTree Benchmarks,Original Tree,,1,elements,197109020.0,ns,960892
RustyTree Benchmarks,Original Tree,,1,elements,190424426.0,ns,961923
RustyTree Benchmarks,Original Tree,,1,elements,172326270.0,ns,962954
RustyTree Benchmarks,Original Tree,,1,elements,171214721.0,ns,963985
RustyTree Benchmarks,Original Tree,,1,elements,171304884.0,ns,965016
RustyTree Benchmarks,Original Tree,,1,elements,193058954.0,ns,966047
RustyTree Benchmarks,Original Tree,,1,elements,198561571.0,ns,967078
RustyTree Benchmarks,Original Tree,,1,elements,184967700.0,ns,968109
RustyTree Benchmarks,Original Tree,,1,elements,176724063.0,ns,969140
RustyTree Benchmarks,Original Tree,,1,elements,173493945.0,ns,970171
RustyTree Benchmarks,Original Tree,,1,elements,177279657.0,ns,971202
RustyTree Benchmarks,Original Tree,,1,elements,169647253.0,ns,972233
RustyTree Benchmarks,Original Tree,,1,elements,173376773.0,ns,973264
RustyTree Benchmarks,Original Tree,,1,elements,168794695.0,ns,974295
RustyTree Benchmarks,Original Tree,,1,elements,177121380.0,ns,975326
RustyTree Benchmarks,Original Tree,,1,elements,196694696.0,ns,976357
RustyTree Benchmarks,Original Tree,,1,elements,197650773.0,ns,977388
RustyTree Benchmarks,Original Tree,,1,elements,187412015.0,ns,978419
RustyTree Benchmarks,Original Tree,,1,elements,176710885.0,ns,979450
RustyTree Benchmarks,Original Tree,,1,elements,173972256.0,ns,980481
RustyTree Benchmarks,Original Tree,,1,elements,178217734.0,ns,981512
RustyTree Benchmarks,Original Tree,,1,elements,172406282.0,ns,982543
RustyTree Benchmarks,Original Tree,,1,elements,178216600.0,ns,983574
RustyTree Benchmarks,Original Tree,,1,elements,177044839.0,ns,984605
RustyTree Benchmarks,Original Tree,,1,elements,188458375.0,ns,985636
RustyTree Benchmarks,Original Tree,,1,elements,199205888.0,ns,986667
RustyTree Benchmarks,Original Tree,,1,elements,190476525.0,ns,987698
RustyTree Benchmarks,Original Tree,,1,elements,182700201.0,ns,988729
RustyTree Benchmarks,Original Tree,,1,elements,180613400.0,ns,989760
RustyTree Benchmarks,Original Tree,,1,elements,175348505.0,ns,990791
RustyTree Benchmarks,Original Tree,,1,elements,175918777.0,ns,991822
RustyTree Benchmarks,Original Tree,,1,elements,174928178.0,ns,992853
RustyTree Benchmarks,Original Tree,,1,elements,179274830.0,ns,993884
RustyTree Benchmarks,Original Tree,,1,elements,182804027.0,ns,994915
RustyTree Benchmarks,Original Tree,,1,elements,200633992.0,ns,995946
RustyTree Benchmarks,Original Tree,,1,elements,206174626.0,ns,996977
RustyTree Benchmarks,Original Tree,,1,elements,197106774.0,ns,998008
RustyTree Benchmarks,Original Tree,,1,elements,176552481.0,ns,999039
RustyTree Benchmarks,Original Tree,,1,elements,184143472.0,ns,1000070
RustyTree Benchmarks,Original Tree,,1,elements,180981009.0,ns,1001101
RustyTree Benchmarks,Original Tree,,1,elements,171921438.0,ns,1002132
RustyTree Benchmarks,Original Tree,,1,elements,178454774.0,ns,1003163
RustyTree Benchmarks,Original Tree,,1,elements,181607624.0,ns,1004194
RustyTree Benchmarks,Original Tree,,1,elements,188174617.0,ns,1005225
RustyTree Benchmarks,Original Tree,,1,elements,206858994.0,ns,1006256
RustyTree Benchmarks,Original Tree,,1,elements,208448817.0,ns,1007287
RustyTree Benchmarks,Original Tree,,1,elements,193211288.0,ns,1008318
RustyTree Benchmarks,Original Tree,,1,elements,185758897.0,ns,1009349
RustyTree Benchmarks,Original Tree,,1,elements,178992415.0,ns,1010380
RustyTree Benchmarks,Original Tree,,1,elements,180549493.0,ns,1011411
RustyTree Benchmarks,Original Tree,,1,elements,209303247.0,ns,1012442
RustyTree Benchmarks,Original Tree,,1,elements,181825121.0,ns,1013473
RustyTree Benchmarks,Original Tree,,1,elements,183507197.0,ns,1014504
RustyTree Benchmarks,Original Tree,,1,elements,199319599.0,ns,1015535
RustyTree Benchmarks,Original Tree,,1,elements,210217475.0,ns,1016566
RustyTree Benchmarks,Original Tree,,1,elements,208309347.0,ns,1017597
RustyTree Benchmarks,Original Tree,,1,elements,190019248.0,ns,1018628
RustyTree Benchmarks,Original Tree,,1,elements,191284276.0,ns,1019659
RustyTree Benchmarks,Original Tree,,1,elements,189913623.0,ns,1020690
RustyTree Benchmarks,Original Tree,,1,elements,181693605.0,ns,1021721
RustyTree Benchmarks,Original Tree,,1,elements,189582730.0,ns,1022752
RustyTree Benchmarks,Original Tree,,1,elements,189367573.0,ns,1023783
RustyTree Benchmarks,Original Tree,,1,elements,229274179.0,ns,1024814
RustyTree Benchmarks,Original Tree,,1,elements,218936585.0,ns,1025845
RustyTree Benchmarks,Original Tree,,1,elements,207432269.0,ns,1026876
RustyTree Benchmarks,Original Tree,,1,elements,200663364.0,ns,1027907
RustyTree Benchmarks,Original Tree,,1,elements,197556241.0,ns,1028938
RustyTree Benchmarks,Original Tree,,1,elements,190444190.0,ns,1029969
RustyTree Benchmarks,Original Tree,,1,elements,184895240.0,ns,1031000
