group,function,value,throughput_num,throughput_type,sample_measured_value,unit,iteration_count
RustyTree Benchmarks,Standard Tree,,1,elements,121655.0,ns,764
RustyTree Benchmarks,Standard Tree,,1,elements,260254.0,ns,1528
RustyTree Benchmarks,Standard Tree,,1,elements,355366.0,ns,2292
RustyTree Benchmarks,Standard Tree,,1,elements,7236023.0,ns,3056
RustyTree Benchmarks,Standard Tree,,1,elements,594566.0,ns,3820
RustyTree Benchmarks,Standard Tree,,1,elements,727164.0,ns,4584
RustyTree Benchmarks,Standard Tree,,1,elements,829045.0,ns,5348
RustyTree Benchmarks,Standard Tree,,1,elements,3034443.0,ns,6112
RustyTree Benchmarks,Standard Tree,,1,elements,1086866.0,ns,6876
RustyTree Benchmarks,Standard Tree,,1,elements,1205751.0,ns,7640
RustyTree Benchmarks,Standard Tree,,1,elements,1321787.0,ns,8404
RustyTree Benchmarks,Standard Tree,,1,elements,1445942.0,ns,9168
RustyTree Benchmarks,Standard Tree,,1,elements,1573503.0,ns,9932
RustyTree Benchmarks,Standard Tree,,1,elements,1719216.0,ns,10696
RustyTree Benchmarks,Standard Tree,,1,elements,1813818.0,ns,11460
RustyTree Benchmarks,Standard Tree,,1,elements,3798589.0,ns,12224
RustyTree Benchmarks,Standard Tree,,1,elements,2111374.0,ns,12988
RustyTree Benchmarks,Standard Tree,,1,elements,2233806.0,ns,13752
RustyTree Benchmarks,Standard Tree,,1,elements,11926358.0,ns,14516
RustyTree Benchmarks,Standard Tree,,1,elements,2470435.0,ns,15280
RustyTree Benchmarks,Standard Tree,,1,elements,2442242.0,ns,16044
RustyTree Benchmarks,Standard Tree,,1,elements,2587400.0,ns,16808
RustyTree Benchmarks,Standard Tree,,1,elements,2723289.0,ns,17572
RustyTree Benchmarks,Standard Tree,,1,elements,5546373.0,ns,18336
RustyTree Benchmarks,Standard Tree,,1,elements,2983339.0,ns,19100
RustyTree Benchmarks,Standard Tree,,1,elements,9899227.0,ns,19864
RustyTree Benchmarks,Standard Tree,,1,elements,3240455.0,ns,20628
RustyTree Benchmarks,Standard Tree,,1,elements,4067604.0,ns,21392
RustyTree Benchmarks,Standard Tree,,1,elements,3536601.0,ns,22156
RustyTree Benchmarks,Standard Tree,,1,elements,6078100.0,ns,22920
RustyTree Benchmarks,Standard Tree,,1,elements,3859929.0,ns,23684
RustyTree Benchmarks,Standard Tree,,1,elements,13004794.0,ns,24448
RustyTree Benchmarks,Standard Tree,,1,elements,3788172.0,ns,25212
RustyTree Benchmarks,Standard Tree,,1,elements,3961210.0,ns,25976
RustyTree Benchmarks,Standard Tree,,1,elements,6589131.0,ns,26740
RustyTree Benchmarks,Standard Tree,,1,elements,4308765.0,ns,27504
RustyTree Benchmarks,Standard Tree,,1,elements,13635857.0,ns,28268
RustyTree Benchmarks,Standard Tree,,1,elements,4716761.0,ns,29032
RustyTree Benchmarks,Standard Tree,,1,elements,7630820.0,ns,29796
RustyTree Benchmarks,Standard Tree,,1,elements,5011256.0,ns,30560
RustyTree Benchmarks,Standard Tree,,1,elements,13931855.0,ns,31324
RustyTree Benchmarks,Standard Tree,,1,elements,4981527.0,ns,32088
RustyTree Benchmarks,Standard Tree,,1,elements,7311315.0,ns,32852
RustyTree Benchmarks,Standard Tree,,1,elements,5257110.0,ns,33616
RustyTree Benchmarks,Standard Tree,,1,elements,14692509.0,ns,34380
RustyTree Benchmarks,Standard Tree,,1,elements,5607300.0,ns,35144
RustyTree Benchmarks,Standard Tree,,1,elements,9021308.0,ns,35908
RustyTree Benchmarks,Standard Tree,,1,elements,5769020.0,ns,36672
RustyTree Benchmarks,Standard Tree,,1,elements,15085218.0,ns,37436
RustyTree Benchmarks,Standard Tree,,1,elements,5926959.0,ns,38200
RustyTree Benchmarks,Standard Tree,,1,elements,8923444.0,ns,38964
RustyTree Benchmarks,Standard Tree,,1,elements,15233830.0,ns,39728
RustyTree Benchmarks,Standard Tree,,1,elements,6551323.0,ns,40492
RustyTree Benchmarks,Standard Tree,,1,elements,8935857.0,ns,41256
RustyTree Benchmarks,Standard Tree,,1,elements,13130676.0,ns,42020
RustyTree Benchmarks,Standard Tree,,1,elements,8822570.0,ns,42784
RustyTree Benchmarks,Standard Tree,,1,elements,9106045.0,ns,43548
RustyTree Benchmarks,Standard Tree,,1,elements,13822043.0,ns,44312
RustyTree Benchmarks,Standard Tree,,1,elements,10268552.0,ns,45076
RustyTree Benchmarks,Standard Tree,,1,elements,9663786.0,ns,45840
RustyTree Benchmarks,Standard Tree,,1,elements,13700908.0,ns,46604
RustyTree Benchmarks,Standard Tree,,1,elements,9832127.0,ns,47368
RustyTree Benchmarks,Standard Tree,,1,elements,9950282.0,ns,48132
RustyTree Benchmarks,Standard Tree,,1,elements,17242306.0,ns,48896
RustyTree Benchmarks,Standard Tree,,1,elements,7896069.0,ns,49660
RustyTree Benchmarks,Standard Tree,,1,elements,10405940.0,ns,50424
RustyTree Benchmarks,Standard Tree,,1,elements,17167590.0,ns,51188
RustyTree Benchmarks,Standard Tree,,1,elements,11009346.0,ns,51952
RustyTree Benchmarks,Standard Tree,,1,elements,15205261.0,ns,52716
RustyTree Benchmarks,Standard Tree,,1,elements,10758420.0,ns,53480
RustyTree Benchmarks,Standard Tree,,1,elements,10786177.0,ns,54244
RustyTree Benchmarks,Standard Tree,,1,elements,17445892.0,ns,55008
RustyTree Benchmarks,Standard Tree,,1,elements,11491261.0,ns,55772
RustyTree Benchmarks,Standard Tree,,1,elements,18749808.0,ns,56536
RustyTree Benchmarks,Standard Tree,,1,elements,8903674.0,ns,57300
RustyTree Benchmarks,Standard Tree,,1,elements,18652397.0,ns,58064
RustyTree Benchmarks,Standard Tree,,1,elements,12647047.0,ns,58828
RustyTree Benchmarks,Standard Tree,,1,elements,18714365.0,ns,59592
RustyTree Benchmarks,Standard Tree,,1,elements,12100818.0,ns,60356
RustyTree Benchmarks,Standard Tree,,1,elements,12191063.0,ns,61120
RustyTree Benchmarks,Standard Tree,,1,elements,19058367.0,ns,61884
RustyTree Benchmarks,Standard Tree,,1,elements,12684352.0,ns,62648
RustyTree Benchmarks,Standard Tree,,1,elements,19108709.0,ns,63412
RustyTree Benchmarks,Standard Tree,,1,elements,14293186.0,ns,64176
RustyTree Benchmarks,Standard Tree,,1,elements,20429915.0,ns,64940
RustyTree Benchmarks,Standard Tree,,1,elements,13373262.0,ns,65704
RustyTree Benchmarks,Standard Tree,,1,elements,19879615.0,ns,66468
RustyTree Benchmarks,Standard Tree,,1,elements,13568329.0,ns,67232
RustyTree Benchmarks,Standard Tree,,1,elements,20827518.0,ns,67996
RustyTree Benchmarks,Standard Tree,,1,elements,22419286.0,ns,68760
RustyTree Benchmarks,Standard Tree,,1,elements,12698789.0,ns,69524
RustyTree Benchmarks,Standard Tree,,1,elements,21363482.0,ns,70288
RustyTree Benchmarks,Standard Tree,,1,elements,13894707.0,ns,71052
RustyTree Benchmarks,Standard Tree,,1,elements,20050178.0,ns,71816
RustyTree Benchmarks,Standard Tree,,1,elements,13508222.0,ns,72580
RustyTree Benchmarks,Standard Tree,,1,elements,22235292.0,ns,73344
RustyTree Benchmarks,Standard Tree,,1,elements,14348781.0,ns,74108
RustyTree Benchmarks,Standard Tree,,1,elements,21570948.0,ns,74872
RustyTree Benchmarks,Standard Tree,,1,elements,24104138.0,ns,75636
RustyTree Benchmarks,Standard Tree,,1,elements,14308967.0,ns,76400
RustyTree Benchmarks,Standard Tree,,1,elements,21630377.0,ns,77164
RustyTree Benchmarks,Standard Tree,,1,elements,14941421.0,ns,77928
RustyTree Benchmarks,Standard Tree,,1,elements,24055441.0,ns,78692
RustyTree Benchmarks,Standard Tree,,1,elements,22054315.0,ns,79456
RustyTree Benchmarks,Standard Tree,,1,elements,15055467.0,ns,80220
RustyTree Benchmarks,Standard Tree,,1,elements,22794952.0,ns,80984
RustyTree Benchmarks,Standard Tree,,1,elements,15473024.0,ns,81748
RustyTree Benchmarks,Standard Tree,,1,elements,24840834.0,ns,82512
RustyTree Benchmarks,Standard Tree,,1,elements,22597517.0,ns,83276
RustyTree Benchmarks,Standard Tree,,1,elements,15752254.0,ns,84040
RustyTree Benchmarks,Standard Tree,,1,elements,23402316.0,ns,84804
RustyTree Benchmarks,Standard Tree,,1,elements,22643677.0,ns,85568
RustyTree Benchmarks,Standard Tree,,1,elements,18466577.0,ns,86332
RustyTree Benchmarks,Standard Tree,,1,elements,26613797.0,ns,87096
RustyTree Benchmarks,Standard Tree,,1,elements,24174799.0,ns,87860
RustyTree Benchmarks,Standard Tree,,1,elements,16745627.0,ns,88624
RustyTree Benchmarks,Standard Tree,,1,elements,26254922.0,ns,89388
RustyTree Benchmarks,Standard Tree,,1,elements,23439418.0,ns,90152
RustyTree Benchmarks,Standard Tree,,1,elements,16817437.0,ns,90916
RustyTree Benchmarks,Standard Tree,,1,elements,26628269.0,ns,91680
RustyTree Benchmarks,Standard Tree,,1,elements,24618269.0,ns,92444
RustyTree Benchmarks,Standard Tree,,1,elements,26520682.0,ns,93208
RustyTree Benchmarks,Standard Tree,,1,elements,17382028.0,ns,93972
RustyTree Benchmarks,Standard Tree,,1,elements,24079501.0,ns,94736
RustyTree Benchmarks,Standard Tree,,1,elements,27416080.0,ns,95500
RustyTree Benchmarks,Standard Tree,,1,elements,17750184.0,ns,96264
RustyTree Benchmarks,Standard Tree,,1,elements,26769528.0,ns,97028
RustyTree Benchmarks,Standard Tree,,1,elements,25341233.0,ns,97792
RustyTree Benchmarks,Standard Tree,,1,elements,25027361.0,ns,98556
RustyTree Benchmarks,Standard Tree,,1,elements,20453760.0,ns,99320
RustyTree Benchmarks,Standard Tree,,1,elements,25087820.0,ns,100084
RustyTree Benchmarks,Standard Tree,,1,elements,27528596.0,ns,100848
RustyTree Benchmarks,Standard Tree,,1,elements,27496716.0,ns,101612
RustyTree Benchmarks,Standard Tree,,1,elements,25585633.0,ns,102376
RustyTree Benchmarks,Standard Tree,,1,elements,23480322.0,ns,103140
RustyTree Benchmarks,Standard Tree,,1,elements,27796799.0,ns,103904
RustyTree Benchmarks,Standard Tree,,1,elements,28752563.0,ns,104668
RustyTree Benchmarks,Standard Tree,,1,elements,27513417.0,ns,105432
RustyTree Benchmarks,Standard Tree,,1,elements,28033155.0,ns,106196
RustyTree Benchmarks,Standard Tree,,1,elements,18782134.0,ns,106960
RustyTree Benchmarks,Standard Tree,,1,elements,29932618.0,ns,107724
RustyTree Benchmarks,Standard Tree,,1,elements,26512237.0,ns,108488
RustyTree Benchmarks,Standard Tree,,1,elements,29547755.0,ns,109252
RustyTree Benchmarks,Standard Tree,,1,elements,26898414.0,ns,110016
RustyTree Benchmarks,Standard Tree,,1,elements,29147914.0,ns,110780
RustyTree Benchmarks,Standard Tree,,1,elements,29247065.0,ns,111544
RustyTree Benchmarks,Standard Tree,,1,elements,22852178.0,ns,112308
RustyTree Benchmarks,Standard Tree,,1,elements,26779603.0,ns,113072
RustyTree Benchmarks,Standard Tree,,1,elements,29243712.0,ns,113836
RustyTree Benchmarks,Standard Tree,,1,elements,27454945.0,ns,114600
RustyTree Benchmarks,Standard Tree,,1,elements,26833567.0,ns,115364
RustyTree Benchmarks,Standard Tree,,1,elements,30671622.0,ns,116128
RustyTree Benchmarks,Standard Tree,,1,elements,30959834.0,ns,116892
RustyTree Benchmarks,Standard Tree,,1,elements,30208859.0,ns,117656
RustyTree Benchmarks,Standard Tree,,1,elements,21649467.0,ns,118420
RustyTree Benchmarks,Standard Tree,,1,elements,30208262.0,ns,119184
RustyTree Benchmarks,Standard Tree,,1,elements,29992075.0,ns,119948
RustyTree Benchmarks,Standard Tree,,1,elements,31753802.0,ns,120712
RustyTree Benchmarks,Standard Tree,,1,elements,31306114.0,ns,121476
RustyTree Benchmarks,Standard Tree,,1,elements,30890407.0,ns,122240
RustyTree Benchmarks,Standard Tree,,1,elements,30705263.0,ns,123004
RustyTree Benchmarks,Standard Tree,,1,elements,32752927.0,ns,123768
RustyTree Benchmarks,Standard Tree,,1,elements,32477415.0,ns,124532
RustyTree Benchmarks,Standard Tree,,1,elements,32293171.0,ns,125296
RustyTree Benchmarks,Standard Tree,,1,elements,32280357.0,ns,126060
RustyTree Benchmarks,Standard Tree,,1,elements,32667008.0,ns,126824
RustyTree Benchmarks,Standard Tree,,1,elements,31759772.0,ns,127588
RustyTree Benchmarks,Standard Tree,,1,elements,32307624.0,ns,128352
RustyTree Benchmarks,Standard Tree,,1,elements,29605287.0,ns,129116
RustyTree Benchmarks,Standard Tree,,1,elements,35098453.0,ns,129880
RustyTree Benchmarks,Standard Tree,,1,elements,29547105.0,ns,130644
RustyTree Benchmarks,Standard Tree,,1,elements,32373748.0,ns,131408
RustyTree Benchmarks,Standard Tree,,1,elements,32634639.0,ns,132172
RustyTree Benchmarks,Standard Tree,,1,elements,35962337.0,ns,132936
RustyTree Benchmarks,Standard Tree,,1,elements,34277249.0,ns,133700
RustyTree Benchmarks,Standard Tree,,1,elements,32425155.0,ns,134464
RustyTree Benchmarks,Standard Tree,,1,elements,34148075.0,ns,135228
RustyTree Benchmarks,Standard Tree,,1,elements,33932093.0,ns,135992
RustyTree Benchmarks,Standard Tree,,1,elements,34030747.0,ns,136756
RustyTree Benchmarks,Standard Tree,,1,elements,36474121.0,ns,137520
RustyTree Benchmarks,Standard Tree,,1,elements,36358213.0,ns,138284
RustyTree Benchmarks,Standard Tree,,1,elements,31427523.0,ns,139048
RustyTree Benchmarks,Standard Tree,,1,elements,36464447.0,ns,139812
RustyTree Benchmarks,Standard Tree,,1,elements,34809875.0,ns,140576
RustyTree Benchmarks,Standard Tree,,1,elements,44348104.0,ns,141340
RustyTree Benchmarks,Standard Tree,,1,elements,38258912.0,ns,142104
RustyTree Benchmarks,Standard Tree,,1,elements,34482324.0,ns,142868
RustyTree Benchmarks,Standard Tree,,1,elements,36282447.0,ns,143632
RustyTree Benchmarks,Standard Tree,,1,elements,37571324.0,ns,144396
RustyTree Benchmarks,Standard Tree,,1,elements,34894501.0,ns,145160
RustyTree Benchmarks,Standard Tree,,1,elements,34826197.0,ns,145924
RustyTree Benchmarks,Standard Tree,,1,elements,37383055.0,ns,146688
RustyTree Benchmarks,Standard Tree,,1,elements,35194926.0,ns,147452
RustyTree Benchmarks,Standard Tree,,1,elements,43201453.0,ns,148216
RustyTree Benchmarks,Standard Tree,,1,elements,34797650.0,ns,148980
RustyTree Benchmarks,Standard Tree,,1,elements,34803957.0,ns,149744
RustyTree Benchmarks,Standard Tree,,1,elements,35311020.0,ns,150508
RustyTree Benchmarks,Standard Tree,,1,elements,38075943.0,ns,151272
RustyTree Benchmarks,Standard Tree,,1,elements,34983716.0,ns,152036
RustyTree Benchmarks,Standard Tree,,1,elements,41959873.0,ns,152800
RustyTree Benchmarks,Standard Tree,,1,elements,34866820.0,ns,153564
RustyTree Benchmarks,Standard Tree,,1,elements,36632562.0,ns,154328
RustyTree Benchmarks,Standard Tree,,1,elements,39311518.0,ns,155092
RustyTree Benchmarks,Standard Tree,,1,elements,36236495.0,ns,155856
RustyTree Benchmarks,Standard Tree,,1,elements,45237426.0,ns,156620
RustyTree Benchmarks,Standard Tree,,1,elements,39939309.0,ns,157384
RustyTree Benchmarks,Standard Tree,,1,elements,36132445.0,ns,158148
RustyTree Benchmarks,Standard Tree,,1,elements,37094145.0,ns,158912
RustyTree Benchmarks,Standard Tree,,1,elements,39765548.0,ns,159676
RustyTree Benchmarks,Standard Tree,,1,elements,42977969.0,ns,160440
RustyTree Benchmarks,Standard Tree,,1,elements,39771034.0,ns,161204
RustyTree Benchmarks,Standard Tree,,1,elements,37392763.0,ns,161968
RustyTree Benchmarks,Standard Tree,,1,elements,39909786.0,ns,162732
RustyTree Benchmarks,Standard Tree,,1,elements,44900667.0,ns,163496
RustyTree Benchmarks,Standard Tree,,1,elements,40569181.0,ns,164260
RustyTree Benchmarks,Standard Tree,,1,elements,39768421.0,ns,165024
RustyTree Benchmarks,Standard Tree,,1,elements,39123910.0,ns,165788
RustyTree Benchmarks,Standard Tree,,1,elements,48268006.0,ns,166552
RustyTree Benchmarks,Standard Tree,,1,elements,38367200.0,ns,167316
RustyTree Benchmarks,Standard Tree,,1,elements,40709426.0,ns,168080
RustyTree Benchmarks,Standard Tree,,1,elements,48946005.0,ns,168844
RustyTree Benchmarks,Standard Tree,,1,elements,42158434.0,ns,169608
RustyTree Benchmarks,Standard Tree,,1,elements,46243314.0,ns,170372
RustyTree Benchmarks,Standard Tree,,1,elements,39891517.0,ns,171136
RustyTree Benchmarks,Standard Tree,,1,elements,50103403.0,ns,171900
RustyTree Benchmarks,Standard Tree,,1,elements,42001190.0,ns,172664
RustyTree Benchmarks,Standard Tree,,1,elements,45353512.0,ns,173428
RustyTree Benchmarks,Standard Tree,,1,elements,49968127.0,ns,174192
RustyTree Benchmarks,Standard Tree,,1,elements,42825764.0,ns,174956
RustyTree Benchmarks,Standard Tree,,1,elements,46381821.0,ns,175720
RustyTree Benchmarks,Standard Tree,,1,elements,40910576.0,ns,176484
RustyTree Benchmarks,Standard Tree,,1,elements,41356636.0,ns,177248
RustyTree Benchmarks,Standard Tree,,1,elements,47324473.0,ns,178012
RustyTree Benchmarks,Standard Tree,,1,elements,43328308.0,ns,178776
RustyTree Benchmarks,Standard Tree,,1,elements,45084816.0,ns,179540
RustyTree Benchmarks,Standard Tree,,1,elements,48633298.0,ns,180304
RustyTree Benchmarks,Standard Tree,,1,elements,45696768.0,ns,181068
RustyTree Benchmarks,Standard Tree,,1,elements,52501518.0,ns,181832
RustyTree Benchmarks,Standard Tree,,1,elements,45603052.0,ns,182596
RustyTree Benchmarks,Standard Tree,,1,elements,42668718.0,ns,183360
RustyTree Benchmarks,Standard Tree,,1,elements,50197440.0,ns,184124
RustyTree Benchmarks,Standard Tree,,1,elements,44502202.0,ns,184888
RustyTree Benchmarks,Standard Tree,,1,elements,52358806.0,ns,185652
RustyTree Benchmarks,Standard Tree,,1,elements,44968846.0,ns,186416
RustyTree Benchmarks,Standard Tree,,1,elements,44682293.0,ns,187180
RustyTree Benchmarks,Standard Tree,,1,elements,52152082.0,ns,187944
RustyTree Benchmarks,Standard Tree,,1,elements,45249483.0,ns,188708
RustyTree Benchmarks,Standard Tree,,1,elements,52920338.0,ns,189472
RustyTree Benchmarks,Standard Tree,,1,elements,42739038.0,ns,190236
RustyTree Benchmarks,Standard Tree,,1,elements,56057065.0,ns,191000
RustyTree Benchmarks,Standard Tree,,1,elements,43264350.0,ns,191764
RustyTree Benchmarks,Standard Tree,,1,elements,56067431.0,ns,192528
RustyTree Benchmarks,Standard Tree,,1,elements,44793256.0,ns,193292
RustyTree Benchmarks,Standard Tree,,1,elements,51172340.0,ns,194056
RustyTree Benchmarks,Standard Tree,,1,elements,43955721.0,ns,194820
RustyTree Benchmarks,Standard Tree,,1,elements,51557082.0,ns,195584
RustyTree Benchmarks,Standard Tree,,1,elements,44930240.0,ns,196348
RustyTree Benchmarks,Standard Tree,,1,elements,52753397.0,ns,197112
RustyTree Benchmarks,Standard Tree,,1,elements,45100614.0,ns,197876
RustyTree Benchmarks,Standard Tree,,1,elements,55144610.0,ns,198640
RustyTree Benchmarks,Standard Tree,,1,elements,43845447.0,ns,199404
RustyTree Benchmarks,Standard Tree,,1,elements,53519337.0,ns,200168
RustyTree Benchmarks,Standard Tree,,1,elements,49962479.0,ns,200932
RustyTree Benchmarks,Standard Tree,,1,elements,56435248.0,ns,201696
RustyTree Benchmarks,Standard Tree,,1,elements,54097680.0,ns,202460
RustyTree Benchmarks,Standard Tree,,1,elements,50721207.0,ns,203224
RustyTree Benchmarks,Standard Tree,,1,elements,53838018.0,ns,203988
RustyTree Benchmarks,Standard Tree,,1,elements,47889995.0,ns,204752
RustyTree Benchmarks,Standard Tree,,1,elements,54632592.0,ns,205516
RustyTree Benchmarks,Standard Tree,,1,elements,46689222.0,ns,206280
RustyTree Benchmarks,Standard Tree,,1,elements,55698452.0,ns,207044
RustyTree Benchmarks,Standard Tree,,1,elements,55507992.0,ns,207808
RustyTree Benchmarks,Standard Tree,,1,elements,48336342.0,ns,208572
RustyTree Benchmarks,Standard Tree,,1,elements,54697784.0,ns,209336
RustyTree Benchmarks,Standard Tree,,1,elements,49859837.0,ns,210100
RustyTree Benchmarks,Standard Tree,,1,elements,56019965.0,ns,210864
RustyTree Benchmarks,Standard Tree,,1,elements,58044957.0,ns,211628
RustyTree Benchmarks,Standard Tree,,1,elements,47352589.0,ns,212392
RustyTree Benchmarks,Standard Tree,,1,elements,54110428.0,ns,213156
RustyTree Benchmarks,Standard Tree,,1,elements,58088573.0,ns,213920
RustyTree Benchmarks,Standard Tree,,1,elements,47495996.0,ns,214684
RustyTree Benchmarks,Standard Tree,,1,elements,57348603.0,ns,215448
RustyTree Benchmarks,Standard Tree,,1,elements,57421724.0,ns,216212
RustyTree Benchmarks,Standard Tree,,1,elements,48429544.0,ns,216976
RustyTree Benchmarks,Standard Tree,,1,elements,55201872.0,ns,217740
RustyTree Benchmarks,Standard Tree,,1,elements,55364727.0,ns,218504
RustyTree Benchmarks,Standard Tree,,1,elements,50172509.0,ns,219268
RustyTree Benchmarks,Standard Tree,,1,elements,55157503.0,ns,220032
RustyTree Benchmarks,Standard Tree,,1,elements,56196783.0,ns,220796
RustyTree Benchmarks,Standard Tree,,1,elements,53284417.0,ns,221560
RustyTree Benchmarks,Standard Tree,,1,elements,56743325.0,ns,222324
RustyTree Benchmarks,Standard Tree,,1,elements,54961353.0,ns,223088
RustyTree Benchmarks,Standard Tree,,1,elements,51864326.0,ns,223852
RustyTree Benchmarks,Standard Tree,,1,elements,58046378.0,ns,224616
RustyTree Benchmarks,Standard Tree,,1,elements,59801129.0,ns,225380
RustyTree Benchmarks,Standard Tree,,1,elements,56436327.0,ns,226144
RustyTree Benchmarks,Standard Tree,,1,elements,52421724.0,ns,226908
RustyTree Benchmarks,Standard Tree,,1,elements,58181722.0,ns,227672
RustyTree Benchmarks,Standard Tree,,1,elements,59139562.0,ns,228436
RustyTree Benchmarks,Standard Tree,,1,elements,61951802.0,ns,229200
RustyTree Benchmarks,Standard Tree,,1,elements,51943198.0,ns,229964
RustyTree Benchmarks,Standard Tree,,1,elements,58919305.0,ns,230728
RustyTree Benchmarks,Standard Tree,,1,elements,61720234.0,ns,231492
RustyTree Benchmarks,Standard Tree,,1,elements,59326450.0,ns,232256
RustyTree Benchmarks,Standard Tree,,1,elements,65560148.0,ns,233020
RustyTree Benchmarks,Standard Tree,,1,elements,54471908.0,ns,233784
RustyTree Benchmarks,Standard Tree,,1,elements,59585469.0,ns,234548
RustyTree Benchmarks,Standard Tree,,1,elements,61332585.0,ns,235312
RustyTree Benchmarks,Standard Tree,,1,elements,63665666.0,ns,236076
RustyTree Benchmarks,Standard Tree,,1,elements,62251013.0,ns,236840
RustyTree Benchmarks,Standard Tree,,1,elements,52341509.0,ns,237604
RustyTree Benchmarks,Standard Tree,,1,elements,62430337.0,ns,238368
RustyTree Benchmarks,Standard Tree,,1,elements,59262160.0,ns,239132
RustyTree Benchmarks,Standard Tree,,1,elements,63101471.0,ns,239896
RustyTree Benchmarks,Standard Tree,,1,elements,62089957.0,ns,240660
RustyTree Benchmarks,Standard Tree,,1,elements,61418670.0,ns,241424
RustyTree Benchmarks,Standard Tree,,1,elements,62561433.0,ns,242188
RustyTree Benchmarks,Standard Tree,,1,elements,52416184.0,ns,242952
RustyTree Benchmarks,Standard Tree,,1,elements,62833426.0,ns,243716
RustyTree Benchmarks,Standard Tree,,1,elements,60165276.0,ns,244480
RustyTree Benchmarks,Standard Tree,,1,elements,64750991.0,ns,245244
RustyTree Benchmarks,Standard Tree,,1,elements,60771731.0,ns,246008
RustyTree Benchmarks,Standard Tree,,1,elements,62205501.0,ns,246772
RustyTree Benchmarks,Standard Tree,,1,elements,63754980.0,ns,247536
RustyTree Benchmarks,Standard Tree,,1,elements,62499112.0,ns,248300
RustyTree Benchmarks,Standard Tree,,1,elements,63036179.0,ns,249064
RustyTree Benchmarks,Standard Tree,,1,elements,63873907.0,ns,249828
RustyTree Benchmarks,Standard Tree,,1,elements,57024091.0,ns,250592
RustyTree Benchmarks,Standard Tree,,1,elements,63746629.0,ns,251356
RustyTree Benchmarks,Standard Tree,,1,elements,63058304.0,ns,252120
RustyTree Benchmarks,Standard Tree,,1,elements,63635605.0,ns,252884
RustyTree Benchmarks,Standard Tree,,1,elements,65508625.0,ns,253648
RustyTree Benchmarks,Standard Tree,,1,elements,66452293.0,ns,254412
RustyTree Benchmarks,Standard Tree,,1,elements,63060223.0,ns,255176
RustyTree Benchmarks,Standard Tree,,1,elements,64577692.0,ns,255940
RustyTree Benchmarks,Standard Tree,,1,elements,66411186.0,ns,256704
RustyTree Benchmarks,Standard Tree,,1,elements,65635472.0,ns,257468
RustyTree Benchmarks,Standard Tree,,1,elements,68105784.0,ns,258232
RustyTree Benchmarks,Standard Tree,,1,elements,66565539.0,ns,258996
RustyTree Benchmarks,Standard Tree,,1,elements,63748084.0,ns,259760
RustyTree Benchmarks,Standard Tree,,1,elements,66177611.0,ns,260524
RustyTree Benchmarks,Standard Tree,,1,elements,65081925.0,ns,261288
RustyTree Benchmarks,Standard Tree,,1,elements,70735944.0,ns,262052
RustyTree Benchmarks,Standard Tree,,1,elements,67272450.0,ns,262816
RustyTree Benchmarks,Standard Tree,,1,elements,66151260.0,ns,263580
RustyTree Benchmarks,Standard Tree,,1,elements,66939218.0,ns,264344
RustyTree Benchmarks,Standard Tree,,1,elements,65345902.0,ns,265108
RustyTree Benchmarks,Standard Tree,,1,elements,65933620.0,ns,265872
RustyTree Benchmarks,Standard Tree,,1,elements,64231373.0,ns,266636
RustyTree Benchmarks,Standard Tree,,1,elements,63038560.0,ns,267400
RustyTree Benchmarks,Standard Tree,,1,elements,66184147.0,ns,268164
RustyTree Benchmarks,Standard Tree,,1,elements,66499579.0,ns,268928
RustyTree Benchmarks,Standard Tree,,1,elements,72316118.0,ns,269692
RustyTree Benchmarks,Standard Tree,,1,elements,67101099.0,ns,270456
RustyTree Benchmarks,Standard Tree,,1,elements,66132308.0,ns,271220
RustyTree Benchmarks,Standard Tree,,1,elements,69740342.0,ns,271984
RustyTree Benchmarks,Standard Tree,,1,elements,65844032.0,ns,272748
RustyTree Benchmarks,Standard Tree,,1,elements,66504480.0,ns,273512
RustyTree Benchmarks,Standard Tree,,1,elements,66406502.0,ns,274276
RustyTree Benchmarks,Standard Tree,,1,elements,67265646.0,ns,275040
RustyTree Benchmarks,Standard Tree,,1,elements,71795583.0,ns,275804
RustyTree Benchmarks,Standard Tree,,1,elements,70584867.0,ns,276568
RustyTree Benchmarks,Standard Tree,,1,elements,76975451.0,ns,277332
RustyTree Benchmarks,Standard Tree,,1,elements,68717136.0,ns,278096
RustyTree Benchmarks,Standard Tree,,1,elements,68698078.0,ns,278860
RustyTree Benchmarks,Standard Tree,,1,elements,71785190.0,ns,279624
RustyTree Benchmarks,Standard Tree,,1,elements,68337400.0,ns,280388
RustyTree Benchmarks,Standard Tree,,1,elements,68580619.0,ns,281152
RustyTree Benchmarks,Standard Tree,,1,elements,80315194.0,ns,281916
RustyTree Benchmarks,Standard Tree,,1,elements,73509389.0,ns,282680
RustyTree Benchmarks,Standard Tree,,1,elements,66860423.0,ns,283444
RustyTree Benchmarks,Standard Tree,,1,elements,73322770.0,ns,284208
RustyTree Benchmarks,Standard Tree,,1,elements,70574341.0,ns,284972
RustyTree Benchmarks,Standard Tree,,1,elements,68733124.0,ns,285736
RustyTree Benchmarks,Standard Tree,,1,elements,84502917.0,ns,286500
RustyTree Benchmarks,Standard Tree,,1,elements,70782019.0,ns,287264
RustyTree Benchmarks,Standard Tree,,1,elements,71245808.0,ns,288028
RustyTree Benchmarks,Standard Tree,,1,elements,82973837.0,ns,288792
RustyTree Benchmarks,Standard Tree,,1,elements,71722256.0,ns,289556
RustyTree Benchmarks,Standard Tree,,1,elements,74715521.0,ns,290320
RustyTree Benchmarks,Standard Tree,,1,elements,66212467.0,ns,291084
RustyTree Benchmarks,Standard Tree,,1,elements,67519494.0,ns,291848
RustyTree Benchmarks,Standard Tree,,1,elements,67339997.0,ns,292612
RustyTree Benchmarks,Standard Tree,,1,elements,74983055.0,ns,293376
RustyTree Benchmarks,Standard Tree,,1,elements,68059629.0,ns,294140
RustyTree Benchmarks,Standard Tree,,1,elements,69543801.0,ns,294904
RustyTree Benchmarks,Standard Tree,,1,elements,76878748.0,ns,295668
RustyTree Benchmarks,Standard Tree,,1,elements,69378304.0,ns,296432
RustyTree Benchmarks,Standard Tree,,1,elements,70065859.0,ns,297196
RustyTree Benchmarks,Standard Tree,,1,elements,68805257.0,ns,297960
RustyTree Benchmarks,Standard Tree,,1,elements,77506406.0,ns,298724
RustyTree Benchmarks,Standard Tree,,1,elements,69197886.0,ns,299488
RustyTree Benchmarks,Standard Tree,,1,elements,70120743.0,ns,300252
RustyTree Benchmarks,Standard Tree,,1,elements,80309119.0,ns,301016
RustyTree Benchmarks,Standard Tree,,1,elements,71377494.0,ns,301780
RustyTree Benchmarks,Standard Tree,,1,elements,69006377.0,ns,302544
RustyTree Benchmarks,Standard Tree,,1,elements,77517993.0,ns,303308
RustyTree Benchmarks,Standard Tree,,1,elements,69689837.0,ns,304072
RustyTree Benchmarks,Standard Tree,,1,elements,70365493.0,ns,304836
RustyTree Benchmarks,Standard Tree,,1,elements,77793183.0,ns,305600
RustyTree Benchmarks,Standard Tree,,1,elements,70007645.0,ns,306364
RustyTree Benchmarks,Standard Tree,,1,elements,69815051.0,ns,307128
RustyTree Benchmarks,Standard Tree,,1,elements,77120196.0,ns,307892
RustyTree Benchmarks,Standard Tree,,1,elements,69161050.0,ns,308656
RustyTree Benchmarks,Standard Tree,,1,elements,69668653.0,ns,309420
RustyTree Benchmarks,Standard Tree,,1,elements,77577939.0,ns,310184
RustyTree Benchmarks,Standard Tree,,1,elements,69805727.0,ns,310948
RustyTree Benchmarks,Standard Tree,,1,elements,78651174.0,ns,311712
RustyTree Benchmarks,Standard Tree,,1,elements,69573913.0,ns,312476
RustyTree Benchmarks,Standard Tree,,1,elements,68894654.0,ns,313240
RustyTree Benchmarks,Standard Tree,,1,elements,77736573.0,ns,314004
RustyTree Benchmarks,Standard Tree,,1,elements,70244545.0,ns,314768
RustyTree Benchmarks,Standard Tree,,1,elements,79183097.0,ns,315532
RustyTree Benchmarks,Standard Tree,,1,elements,70258678.0,ns,316296
RustyTree Benchmarks,Standard Tree,,1,elements,79295665.0,ns,317060
RustyTree Benchmarks,Standard Tree,,1,elements,72985991.0,ns,317824
RustyTree Benchmarks,Standard Tree,,1,elements,86580281.0,ns,318588
RustyTree Benchmarks,Standard Tree,,1,elements,82910105.0,ns,319352
RustyTree Benchmarks,Standard Tree,,1,elements,76495683.0,ns,320116
RustyTree Benchmarks,Standard Tree,,1,elements,85754822.0,ns,320880
RustyTree Benchmarks,Standard Tree,,1,elements,76450216.0,ns,321644
RustyTree Benchmarks,Standard Tree,,1,elements,81225630.0,ns,322408
RustyTree Benchmarks,Standard Tree,,1,elements,75210583.0,ns,323172
RustyTree Benchmarks,Standard Tree,,1,elements,79560388.0,ns,323936
RustyTree Benchmarks,Standard Tree,,1,elements,65430600.0,ns,324700
RustyTree Benchmarks,Standard Tree,,1,elements,74995514.0,ns,325464
RustyTree Benchmarks,Standard Tree,,1,elements,64532037.0,ns,326228
RustyTree Benchmarks,Standard Tree,,1,elements,72054146.0,ns,326992
RustyTree Benchmarks,Standard Tree,,1,elements,63619194.0,ns,327756
RustyTree Benchmarks,Standard Tree,,1,elements,71300360.0,ns,328520
RustyTree Benchmarks,Standard Tree,,1,elements,63798365.0,ns,329284
RustyTree Benchmarks,Standard Tree,,1,elements,69882284.0,ns,330048
RustyTree Benchmarks,Standard Tree,,1,elements,63482226.0,ns,330812
RustyTree Benchmarks,Standard Tree,,1,elements,71997780.0,ns,331576
RustyTree Benchmarks,Standard Tree,,1,elements,81592911.0,ns,332340
RustyTree Benchmarks,Standard Tree,,1,elements,72232062.0,ns,333104
RustyTree Benchmarks,Standard Tree,,1,elements,80709302.0,ns,333868
RustyTree Benchmarks,Standard Tree,,1,elements,72141659.0,ns,334632
RustyTree Benchmarks,Standard Tree,,1,elements,73081857.0,ns,335396
RustyTree Benchmarks,Standard Tree,,1,elements,65019006.0,ns,336160
RustyTree Benchmarks,Standard Tree,,1,elements,72652910.0,ns,336924
RustyTree Benchmarks,Standard Tree,,1,elements,73279677.0,ns,337688
RustyTree Benchmarks,Standard Tree,,1,elements,68515155.0,ns,338452
RustyTree Benchmarks,Standard Tree,,1,elements,74601771.0,ns,339216
RustyTree Benchmarks,Standard Tree,,1,elements,66528607.0,ns,339980
RustyTree Benchmarks,Standard Tree,,1,elements,73725555.0,ns,340744
RustyTree Benchmarks,Standard Tree,,1,elements,80535674.0,ns,341508
RustyTree Benchmarks,Standard Tree,,1,elements,76469398.0,ns,342272
RustyTree Benchmarks,Standard Tree,,1,elements,85204220.0,ns,343036
RustyTree Benchmarks,Standard Tree,,1,elements,82809551.0,ns,343800
RustyTree Benchmarks,Standard Tree,,1,elements,77074374.0,ns,344564
RustyTree Benchmarks,Standard Tree,,1,elements,81549295.0,ns,345328
RustyTree Benchmarks,Standard Tree,,1,elements,75729154.0,ns,346092
RustyTree Benchmarks,Standard Tree,,1,elements,68471369.0,ns,346856
RustyTree Benchmarks,Standard Tree,,1,elements,75668127.0,ns,347620
RustyTree Benchmarks,Standard Tree,,1,elements,74694293.0,ns,348384
RustyTree Benchmarks,Standard Tree,,1,elements,66236234.0,ns,349148
RustyTree Benchmarks,Standard Tree,,1,elements,75603105.0,ns,349912
RustyTree Benchmarks,Standard Tree,,1,elements,73124210.0,ns,350676
RustyTree Benchmarks,Standard Tree,,1,elements,66479946.0,ns,351440
RustyTree Benchmarks,Standard Tree,,1,elements,84902771.0,ns,352204
RustyTree Benchmarks,Standard Tree,,1,elements,85445233.0,ns,352968
RustyTree Benchmarks,Standard Tree,,1,elements,76692118.0,ns,353732
RustyTree Benchmarks,Standard Tree,,1,elements,84492661.0,ns,354496
RustyTree Benchmarks,Standard Tree,,1,elements,84309976.0,ns,355260
RustyTree Benchmarks,Standard Tree,,1,elements,76306167.0,ns,356024
RustyTree Benchmarks,Standard Tree,,1,elements,68478255.0,ns,356788
RustyTree Benchmarks,Standard Tree,,1,elements,75700103.0,ns,357552
RustyTree Benchmarks,Standard Tree,,1,elements,77148311.0,ns,358316
RustyTree Benchmarks,Standard Tree,,1,elements,76139132.0,ns,359080
RustyTree Benchmarks,Standard Tree,,1,elements,70337833.0,ns,359844
RustyTree Benchmarks,Standard Tree,,1,elements,76757810.0,ns,360608
RustyTree Benchmarks,Standard Tree,,1,elements,76750847.0,ns,361372
RustyTree Benchmarks,Standard Tree,,1,elements,83344775.0,ns,362136
RustyTree Benchmarks,Standard Tree,,1,elements,88934418.0,ns,362900
RustyTree Benchmarks,Standard Tree,,1,elements,79735229.0,ns,363664
RustyTree Benchmarks,Standard Tree,,1,elements,90947868.0,ns,364428
RustyTree Benchmarks,Standard Tree,,1,elements,85644264.0,ns,365192
RustyTree Benchmarks,Standard Tree,,1,elements,80701863.0,ns,365956
RustyTree Benchmarks,Standard Tree,,1,elements,79374339.0,ns,366720
RustyTree Benchmarks,Standard Tree,,1,elements,69825200.0,ns,367484
RustyTree Benchmarks,Standard Tree,,1,elements,76984863.0,ns,368248
RustyTree Benchmarks,Standard Tree,,1,elements,77263607.0,ns,369012
RustyTree Benchmarks,Standard Tree,,1,elements,76853746.0,ns,369776
RustyTree Benchmarks,Standard Tree,,1,elements,86776987.0,ns,370540
RustyTree Benchmarks,Standard Tree,,1,elements,91137924.0,ns,371304
RustyTree Benchmarks,Standard Tree,,1,elements,89318391.0,ns,372068
RustyTree Benchmarks,Standard Tree,,1,elements,81798579.0,ns,372832
RustyTree Benchmarks,Standard Tree,,1,elements,91335387.0,ns,373596
RustyTree Benchmarks,Standard Tree,,1,elements,89255990.0,ns,374360
RustyTree Benchmarks,Standard Tree,,1,elements,85000357.0,ns,375124
RustyTree Benchmarks,Standard Tree,,1,elements,78422689.0,ns,375888
RustyTree Benchmarks,Standard Tree,,1,elements,78404631.0,ns,376652
RustyTree Benchmarks,Standard Tree,,1,elements,80511019.0,ns,377416
RustyTree Benchmarks,Standard Tree,,1,elements,85850975.0,ns,378180
RustyTree Benchmarks,Standard Tree,,1,elements,80746649.0,ns,378944
RustyTree Benchmarks,Standard Tree,,1,elements,74646090.0,ns,379708
RustyTree Benchmarks,Standard Tree,,1,elements,83408564.0,ns,380472
RustyTree Benchmarks,Standard Tree,,1,elements,83868112.0,ns,381236
RustyTree Benchmarks,Standard Tree,,1,elements,81143141.0,ns,382000
RustyTree Benchmarks,Standard Tree,,1,elements,80770782.0,ns,382764
RustyTree Benchmarks,Standard Tree,,1,elements,81372110.0,ns,383528
RustyTree Benchmarks,Standard Tree,,1,elements,80793033.0,ns,384292
RustyTree Benchmarks,Standard Tree,,1,elements,94380158.0,ns,385056
RustyTree Benchmarks,Standard Tree,,1,elements,92433060.0,ns,385820
RustyTree Benchmarks,Standard Tree,,1,elements,94652065.0,ns,386584
RustyTree Benchmarks,Standard Tree,,1,elements,93604223.0,ns,387348
RustyTree Benchmarks,Standard Tree,,1,elements,93568693.0,ns,388112
RustyTree Benchmarks,Standard Tree,,1,elements,82748844.0,ns,388876
RustyTree Benchmarks,Standard Tree,,1,elements,82095869.0,ns,389640
RustyTree Benchmarks,Standard Tree,,1,elements,80532269.0,ns,390404
RustyTree Benchmarks,Standard Tree,,1,elements,82386610.0,ns,391168
RustyTree Benchmarks,Standard Tree,,1,elements,82767491.0,ns,391932
RustyTree Benchmarks,Standard Tree,,1,elements,81892199.0,ns,392696
RustyTree Benchmarks,Standard Tree,,1,elements,81071652.0,ns,393460
RustyTree Benchmarks,Standard Tree,,1,elements,82539696.0,ns,394224
RustyTree Benchmarks,Standard Tree,,1,elements,83301727.0,ns,394988
RustyTree Benchmarks,Standard Tree,,1,elements,82812359.0,ns,395752
RustyTree Benchmarks,Standard Tree,,1,elements,81262007.0,ns,396516
RustyTree Benchmarks,Standard Tree,,1,elements,98332455.0,ns,397280
RustyTree Benchmarks,Standard Tree,,1,elements,99910943.0,ns,398044
RustyTree Benchmarks,Standard Tree,,1,elements,98437679.0,ns,398808
RustyTree Benchmarks,Standard Tree,,1,elements,97038297.0,ns,399572
RustyTree Benchmarks,Standard Tree,,1,elements,95829631.0,ns,400336
RustyTree Benchmarks,Standard Tree,,1,elements,85314326.0,ns,401100
RustyTree Benchmarks,Standard Tree,,1,elements,86015644.0,ns,401864
RustyTree Benchmarks,Standard Tree,,1,elements,85527917.0,ns,402628
RustyTree Benchmarks,Standard Tree,,1,elements,82691615.0,ns,403392
RustyTree Benchmarks,Standard Tree,,1,elements,85471669.0,ns,404156
RustyTree Benchmarks,Standard Tree,,1,elements,82423948.0,ns,404920
RustyTree Benchmarks,Standard Tree,,1,elements,84844739.0,ns,405684
RustyTree Benchmarks,Standard Tree,,1,elements,97932462.0,ns,406448
RustyTree Benchmarks,Standard Tree,,1,elements,106831499.0,ns,407212
RustyTree Benchmarks,Standard Tree,,1,elements,97069170.0,ns,407976
RustyTree Benchmarks,Standard Tree,,1,elements,87294003.0,ns,408740
RustyTree Benchmarks,Standard Tree,,1,elements,85388749.0,ns,409504
RustyTree Benchmarks,Standard Tree,,1,elements,84999567.0,ns,410268
RustyTree Benchmarks,Standard Tree,,1,elements,85070858.0,ns,411032
RustyTree Benchmarks,Standard Tree,,1,elements,85998100.0,ns,411796
RustyTree Benchmarks,Standard Tree,,1,elements,95840076.0,ns,412560
RustyTree Benchmarks,Standard Tree,,1,elements,84070968.0,ns,413324
RustyTree Benchmarks,Standard Tree,,1,elements,85205476.0,ns,414088
RustyTree Benchmarks,Standard Tree,,1,elements,88363353.0,ns,414852
RustyTree Benchmarks,Standard Tree,,1,elements,102506115.0,ns,415616
RustyTree Benchmarks,Standard Tree,,1,elements,106164037.0,ns,416380
RustyTree Benchmarks,Standard Tree,,1,elements,99164709.0,ns,417144
RustyTree Benchmarks,Standard Tree,,1,elements,98031991.0,ns,417908
RustyTree Benchmarks,Standard Tree,,1,elements,99149433.0,ns,418672
RustyTree Benchmarks,Standard Tree,,1,elements,85974806.0,ns,419436
RustyTree Benchmarks,Standard Tree,,1,elements,92449436.0,ns,420200
RustyTree Benchmarks,Standard Tree,,1,elements,84739784.0,ns,420964
RustyTree Benchmarks,Standard Tree,,1,elements,85802305.0,ns,421728
RustyTree Benchmarks,Standard Tree,,1,elements,83893079.0,ns,422492
RustyTree Benchmarks,Standard Tree,,1,elements,91285743.0,ns,423256
RustyTree Benchmarks,Standard Tree,,1,elements,94751448.0,ns,424020
RustyTree Benchmarks,Standard Tree,,1,elements,97531938.0,ns,424784
RustyTree Benchmarks,Standard Tree,,1,elements,101639535.0,ns,425548
RustyTree Benchmarks,Standard Tree,,1,elements,106329842.0,ns,426312
RustyTree Benchmarks,Standard Tree,,1,elements,99414323.0,ns,427076
RustyTree Benchmarks,Standard Tree,,1,elements,87781105.0,ns,427840
RustyTree Benchmarks,Standard Tree,,1,elements,95249931.0,ns,428604
RustyTree Benchmarks,Standard Tree,,1,elements,88350545.0,ns,429368
RustyTree Benchmarks,Standard Tree,,1,elements,88125255.0,ns,430132
RustyTree Benchmarks,Standard Tree,,1,elements,87145129.0,ns,430896
RustyTree Benchmarks,Standard Tree,,1,elements,96786162.0,ns,431660
RustyTree Benchmarks,Standard Tree,,1,elements,89628309.0,ns,432424
RustyTree Benchmarks,Standard Tree,,1,elements,101405738.0,ns,433188
RustyTree Benchmarks,Standard Tree,,1,elements,113090224.0,ns,433952
RustyTree Benchmarks,Standard Tree,,1,elements,103653160.0,ns,434716
RustyTree Benchmarks,Standard Tree,,1,elements,99555574.0,ns,435480
RustyTree Benchmarks,Standard Tree,,1,elements,94159604.0,ns,436244
RustyTree Benchmarks,Standard Tree,,1,elements,89333054.0,ns,437008
RustyTree Benchmarks,Standard Tree,,1,elements,97074963.0,ns,437772
RustyTree Benchmarks,Standard Tree,,1,elements,88007577.0,ns,438536
RustyTree Benchmarks,Standard Tree,,1,elements,87808161.0,ns,439300
RustyTree Benchmarks,Standard Tree,,1,elements,93664183.0,ns,440064
RustyTree Benchmarks,Standard Tree,,1,elements,105012536.0,ns,440828
RustyTree Benchmarks,Standard Tree,,1,elements,104279205.0,ns,441592
RustyTree Benchmarks,Standard Tree,,1,elements,109450567.0,ns,442356
RustyTree Benchmarks,Standard Tree,,1,elements,101870718.0,ns,443120
RustyTree Benchmarks,Standard Tree,,1,elements,96587557.0,ns,443884
RustyTree Benchmarks,Standard Tree,,1,elements,91931206.0,ns,444648
RustyTree Benchmarks,Standard Tree,,1,elements,99360565.0,ns,445412
RustyTree Benchmarks,Standard Tree,,1,elements,90094528.0,ns,446176
RustyTree Benchmarks,Standard Tree,,1,elements,89807257.0,ns,446940
RustyTree Benchmarks,Standard Tree,,1,elements,97065195.0,ns,447704
RustyTree Benchmarks,Standard Tree,,1,elements,92501444.0,ns,448468
RustyTree Benchmarks,Standard Tree,,1,elements,117331810.0,ns,449232
RustyTree Benchmarks,Standard Tree,,1,elements,107734544.0,ns,449996
RustyTree Benchmarks,Standard Tree,,1,elements,116947966.0,ns,450760
RustyTree Benchmarks,Standard Tree,,1,elements,95125186.0,ns,451524
RustyTree Benchmarks,Standard Tree,,1,elements,96855211.0,ns,452288
RustyTree Benchmarks,Standard Tree,,1,elements,88511456.0,ns,453052
RustyTree Benchmarks,Standard Tree,,1,elements,97723440.0,ns,453816
RustyTree Benchmarks,Standard Tree,,1,elements,88480442.0,ns,454580
RustyTree Benchmarks,Standard Tree,,1,elements,97983510.0,ns,455344
RustyTree Benchmarks,Standard Tree,,1,elements,88869944.0,ns,456108
RustyTree Benchmarks,Standard Tree,,1,elements,114175369.0,ns,456872
RustyTree Benchmarks,Standard Tree,,1,elements,106600652.0,ns,457636
RustyTree Benchmarks,Standard Tree,,1,elements,111660484.0,ns,458400
RustyTree Benchmarks,Standard Tree,,1,elements,99342895.0,ns,459164
RustyTree Benchmarks,Standard Tree,,1,elements,105619165.0,ns,459928
RustyTree Benchmarks,Standard Tree,,1,elements,93480169.0,ns,460692
RustyTree Benchmarks,Standard Tree,,1,elements,101397116.0,ns,461456
RustyTree Benchmarks,Standard Tree,,1,elements,92193545.0,ns,462220
RustyTree Benchmarks,Standard Tree,,1,elements,100627452.0,ns,462984
RustyTree Benchmarks,Standard Tree,,1,elements,118242590.0,ns,463748
RustyTree Benchmarks,Standard Tree,,1,elements,108252302.0,ns,464512
RustyTree Benchmarks,Standard Tree,,1,elements,118460048.0,ns,465276
RustyTree Benchmarks,Standard Tree,,1,elements,109691132.0,ns,466040
RustyTree Benchmarks,Standard Tree,,1,elements,106337660.0,ns,466804
RustyTree Benchmarks,Standard Tree,,1,elements,96772522.0,ns,467568
RustyTree Benchmarks,Standard Tree,,1,elements,100131677.0,ns,468332
RustyTree Benchmarks,Standard Tree,,1,elements,99874899.0,ns,469096
RustyTree Benchmarks,Standard Tree,,1,elements,93516194.0,ns,469860
RustyTree Benchmarks,Standard Tree,,1,elements,99172684.0,ns,470624
RustyTree Benchmarks,Standard Tree,,1,elements,95744033.0,ns,471388
RustyTree Benchmarks,Standard Tree,,1,elements,113126537.0,ns,472152
RustyTree Benchmarks,Standard Tree,,1,elements,115585003.0,ns,472916
RustyTree Benchmarks,Standard Tree,,1,elements,109258136.0,ns,473680
RustyTree Benchmarks,Standard Tree,,1,elements,104413902.0,ns,474444
RustyTree Benchmarks,Standard Tree,,1,elements,106051236.0,ns,475208
RustyTree Benchmarks,Standard Tree,,1,elements,96796548.0,ns,475972
RustyTree Benchmarks,Standard Tree,,1,elements,103563031.0,ns,476736
RustyTree Benchmarks,Standard Tree,,1,elements,107456417.0,ns,477500
RustyTree Benchmarks,Standard Tree,,1,elements,92712843.0,ns,478264
RustyTree Benchmarks,Standard Tree,,1,elements,101039660.0,ns,479028
RustyTree Benchmarks,Standard Tree,,1,elements,101090399.0,ns,479792
RustyTree Benchmarks,Standard Tree,,1,elements,107994391.0,ns,480556
RustyTree Benchmarks,Standard Tree,,1,elements,116672065.0,ns,481320
RustyTree Benchmarks,Standard Tree,,1,elements,117274915.0,ns,482084
RustyTree Benchmarks,Standard Tree,,1,elements,118546211.0,ns,482848
RustyTree Benchmarks,Standard Tree,,1,elements,103967762.0,ns,483612
RustyTree Benchmarks,Standard Tree,,1,elements,103914855.0,ns,484376
RustyTree Benchmarks,Standard Tree,,1,elements,102762115.0,ns,485140
RustyTree Benchmarks,Standard Tree,,1,elements,94982139.0,ns,485904
RustyTree Benchmarks,Standard Tree,,1,elements,103418494.0,ns,486668
RustyTree Benchmarks,Standard Tree,,1,elements,101832127.0,ns,487432
RustyTree Benchmarks,Standard Tree,,1,elements,105891099.0,ns,488196
RustyTree Benchmarks,Standard Tree,,1,elements,110593172.0,ns,488960
RustyTree Benchmarks,Standard Tree,,1,elements,118895075.0,ns,489724
RustyTree Benchmarks,Standard Tree,,1,elements,117872307.0,ns,490488
RustyTree Benchmarks,Standard Tree,,1,elements,108876237.0,ns,491252
RustyTree Benchmarks,Standard Tree,,1,elements,107546769.0,ns,492016
RustyTree Benchmarks,Standard Tree,,1,elements,98303379.0,ns,492780
RustyTree Benchmarks,Standard Tree,,1,elements,105488718.0,ns,493544
RustyTree Benchmarks,Standard Tree,,1,elements,106990951.0,ns,494308
RustyTree Benchmarks,Standard Tree,,1,elements,103479165.0,ns,495072
RustyTree Benchmarks,Standard Tree,,1,elements,119557057.0,ns,495836
RustyTree Benchmarks,Standard Tree,,1,elements,109649366.0,ns,496600
RustyTree Benchmarks,Standard Tree,,1,elements,116221598.0,ns,497364
RustyTree Benchmarks,Standard Tree,,1,elements,111515055.0,ns,498128
RustyTree Benchmarks,Standard Tree,,1,elements,106198768.0,ns,498892
RustyTree Benchmarks,Standard Tree,,1,elements,104142948.0,ns,499656
RustyTree Benchmarks,Standard Tree,,1,elements,112408209.0,ns,500420
RustyTree Benchmarks,Standard Tree,,1,elements,111065972.0,ns,501184
RustyTree Benchmarks,Standard Tree,,1,elements,118818824.0,ns,501948
RustyTree Benchmarks,Standard Tree,,1,elements,121439851.0,ns,502712
RustyTree Benchmarks,Standard Tree,,1,elements,112533377.0,ns,503476
RustyTree Benchmarks,Standard Tree,,1,elements,110033499.0,ns,504240
RustyTree Benchmarks,Standard Tree,,1,elements,107975261.0,ns,505004
RustyTree Benchmarks,Standard Tree,,1,elements,107399903.0,ns,505768
RustyTree Benchmarks,Standard Tree,,1,elements,110016383.0,ns,506532
RustyTree Benchmarks,Standard Tree,,1,elements,114044683.0,ns,507296
RustyTree Benchmarks,Standard Tree,,1,elements,120068245.0,ns,508060
RustyTree Benchmarks,Standard Tree,,1,elements,120917985.0,ns,508824
RustyTree Benchmarks,Standard Tree,,1,elements,118203579.0,ns,509588
RustyTree Benchmarks,Standard Tree,,1,elements,108727973.0,ns,510352
RustyTree Benchmarks,Standard Tree,,1,elements,107744441.0,ns,511116
RustyTree Benchmarks,Standard Tree,,1,elements,108137507.0,ns,511880
RustyTree Benchmarks,Standard Tree,,1,elements,109602220.0,ns,512644
RustyTree Benchmarks,Standard Tree,,1,elements,108581550.0,ns,513408
RustyTree Benchmarks,Standard Tree,,1,elements,105508783.0,ns,514172
RustyTree Benchmarks,Standard Tree,,1,elements,105824335.0,ns,514936
RustyTree Benchmarks,Standard Tree,,1,elements,106033544.0,ns,515700
RustyTree Benchmarks,Standard Tree,,1,elements,130403820.0,ns,516464
RustyTree Benchmarks,Standard Tree,,1,elements,123673363.0,ns,517228
RustyTree Benchmarks,Standard Tree,,1,elements,125033821.0,ns,517992
RustyTree Benchmarks,Standard Tree,,1,elements,124752131.0,ns,518756
RustyTree Benchmarks,Standard Tree,,1,elements,113883416.0,ns,519520
RustyTree Benchmarks,Standard Tree,,1,elements,114672364.0,ns,520284
RustyTree Benchmarks,Standard Tree,,1,elements,118778528.0,ns,521048
RustyTree Benchmarks,Standard Tree,,1,elements,116849390.0,ns,521812
RustyTree Benchmarks,Standard Tree,,1,elements,112724790.0,ns,522576
RustyTree Benchmarks,Standard Tree,,1,elements,110312946.0,ns,523340
RustyTree Benchmarks,Standard Tree,,1,elements,113413086.0,ns,524104
RustyTree Benchmarks,Standard Tree,,1,elements,110915399.0,ns,524868
RustyTree Benchmarks,Standard Tree,,1,elements,127570963.0,ns,525632
RustyTree Benchmarks,Standard Tree,,1,elements,125808278.0,ns,526396
RustyTree Benchmarks,Standard Tree,,1,elements,126581549.0,ns,527160
RustyTree Benchmarks,Standard Tree,,1,elements,127650464.0,ns,527924
RustyTree Benchmarks,Standard Tree,,1,elements,115932740.0,ns,528688
RustyTree Benchmarks,Standard Tree,,1,elements,114157279.0,ns,529452
RustyTree Benchmarks,Standard Tree,,1,elements,113245108.0,ns,530216
RustyTree Benchmarks,Standard Tree,,1,elements,118135046.0,ns,530980
RustyTree Benchmarks,Standard Tree,,1,elements,136245105.0,ns,531744
RustyTree Benchmarks,Standard Tree,,1,elements,144604051.0,ns,532508
RustyTree Benchmarks,Standard Tree,,1,elements,131118526.0,ns,533272
RustyTree Benchmarks,Standard Tree,,1,elements,129810356.0,ns,534036
RustyTree Benchmarks,Standard Tree,,1,elements,132637338.0,ns,534800
RustyTree Benchmarks,Standard Tree,,1,elements,128006153.0,ns,535564
RustyTree Benchmarks,Standard Tree,,1,elements,130826479.0,ns,536328
RustyTree Benchmarks,Standard Tree,,1,elements,127678421.0,ns,537092
RustyTree Benchmarks,Standard Tree,,1,elements,129953889.0,ns,537856
RustyTree Benchmarks,Standard Tree,,1,elements,129827122.0,ns,538620
RustyTree Benchmarks,Standard Tree,,1,elements,137484606.0,ns,539384
RustyTree Benchmarks,Standard Tree,,1,elements,130198777.0,ns,540148
RustyTree Benchmarks,Standard Tree,,1,elements,130857246.0,ns,540912
RustyTree Benchmarks,Standard Tree,,1,elements,133151328.0,ns,541676
RustyTree Benchmarks,Standard Tree,,1,elements,117621185.0,ns,542440
RustyTree Benchmarks,Standard Tree,,1,elements,131149861.0,ns,543204
RustyTree Benchmarks,Standard Tree,,1,elements,143484108.0,ns,543968
RustyTree Benchmarks,Standard Tree,,1,elements,131108664.0,ns,544732
RustyTree Benchmarks,Standard Tree,,1,elements,119714240.0,ns,545496
RustyTree Benchmarks,Standard Tree,,1,elements,122916236.0,ns,546260
RustyTree Benchmarks,Standard Tree,,1,elements,130992607.0,ns,547024
RustyTree Benchmarks,Standard Tree,,1,elements,143810998.0,ns,547788
RustyTree Benchmarks,Standard Tree,,1,elements,135318561.0,ns,548552
RustyTree Benchmarks,Standard Tree,,1,elements,138700926.0,ns,549316
RustyTree Benchmarks,Standard Tree,,1,elements,133957335.0,ns,550080
RustyTree Benchmarks,Standard Tree,,1,elements,146023659.0,ns,550844
RustyTree Benchmarks,Standard Tree,,1,elements,137967035.0,ns,551608
RustyTree Benchmarks,Standard Tree,,1,elements,137751503.0,ns,552372
RustyTree Benchmarks,Standard Tree,,1,elements,139157072.0,ns,553136
RustyTree Benchmarks,Standard Tree,,1,elements,148658528.0,ns,553900
RustyTree Benchmarks,Standard Tree,,1,elements,142963610.0,ns,554664
RustyTree Benchmarks,Standard Tree,,1,elements,143092259.0,ns,555428
RustyTree Benchmarks,Standard Tree,,1,elements,139859882.0,ns,556192
RustyTree Benchmarks,Standard Tree,,1,elements,146617891.0,ns,556956
RustyTree Benchmarks,Standard Tree,,1,elements,139931368.0,ns,557720
RustyTree Benchmarks,Standard Tree,,1,elements,137877707.0,ns,558484
RustyTree Benchmarks,Standard Tree,,1,elements,151364544.0,ns,559248
RustyTree Benchmarks,Standard Tree,,1,elements,139088867.0,ns,560012
RustyTree Benchmarks,Standard Tree,,1,elements,141535525.0,ns,560776
RustyTree Benchmarks,Standard Tree,,1,elements,134940530.0,ns,561540
RustyTree Benchmarks,Standard Tree,,1,elements,128046504.0,ns,562304
RustyTree Benchmarks,Standard Tree,,1,elements,118490135.0,ns,563068
RustyTree Benchmarks,Standard Tree,,1,elements,127169946.0,ns,563832
RustyTree Benchmarks,Standard Tree,,1,elements,153121360.0,ns,564596
RustyTree Benchmarks,Standard Tree,,1,elements,147304221.0,ns,565360
RustyTree Benchmarks,Standard Tree,,1,elements,143653500.0,ns,566124
RustyTree Benchmarks,Standard Tree,,1,elements,160218532.0,ns,566888
RustyTree Benchmarks,Standard Tree,,1,elements,145707541.0,ns,567652
RustyTree Benchmarks,Standard Tree,,1,elements,158130190.0,ns,568416
RustyTree Benchmarks,Standard Tree,,1,elements,148902431.0,ns,569180
RustyTree Benchmarks,Standard Tree,,1,elements,146745709.0,ns,569944
RustyTree Benchmarks,Standard Tree,,1,elements,159715215.0,ns,570708
RustyTree Benchmarks,Standard Tree,,1,elements,147719690.0,ns,571472
RustyTree Benchmarks,Standard Tree,,1,elements,158478196.0,ns,572236
RustyTree Benchmarks,Standard Tree,,1,elements,149206379.0,ns,573000
RustyTree Benchmarks,Standard Tree,,1,elements,149770166.0,ns,573764
RustyTree Benchmarks,Standard Tree,,1,elements,163193662.0,ns,574528
RustyTree Benchmarks,Standard Tree,,1,elements,152119055.0,ns,575292
RustyTree Benchmarks,Standard Tree,,1,elements,173017406.0,ns,576056
RustyTree Benchmarks,Standard Tree,,1,elements,153804966.0,ns,576820
RustyTree Benchmarks,Standard Tree,,1,elements,166560399.0,ns,577584
RustyTree Benchmarks,Standard Tree,,1,elements,152254104.0,ns,578348
RustyTree Benchmarks,Standard Tree,,1,elements,158054364.0,ns,579112
RustyTree Benchmarks,Standard Tree,,1,elements,161226945.0,ns,579876
RustyTree Benchmarks,Standard Tree,,1,elements,132838837.0,ns,580640
RustyTree Benchmarks,Standard Tree,,1,elements,145430906.0,ns,581404
RustyTree Benchmarks,Standard Tree,,1,elements,129809745.0,ns,582168
RustyTree Benchmarks,Standard Tree,,1,elements,164449386.0,ns,582932
RustyTree Benchmarks,Standard Tree,,1,elements,157387952.0,ns,583696
RustyTree Benchmarks,Standard Tree,,1,elements,168061378.0,ns,584460
RustyTree Benchmarks,Standard Tree,,1,elements,159179685.0,ns,585224
RustyTree Benchmarks,Standard Tree,,1,elements,168453269.0,ns,585988
RustyTree Benchmarks,Standard Tree,,1,elements,160266951.0,ns,586752
RustyTree Benchmarks,Standard Tree,,1,elements,170733439.0,ns,587516
RustyTree Benchmarks,Standard Tree,,1,elements,159505490.0,ns,588280
RustyTree Benchmarks,Standard Tree,,1,elements,168936307.0,ns,589044
RustyTree Benchmarks,Standard Tree,,1,elements,158715218.0,ns,589808
RustyTree Benchmarks,Standard Tree,,1,elements,167052458.0,ns,590572
RustyTree Benchmarks,Standard Tree,,1,elements,156676279.0,ns,591336
RustyTree Benchmarks,Standard Tree,,1,elements,167412426.0,ns,592100
RustyTree Benchmarks,Standard Tree,,1,elements,170678205.0,ns,592864
RustyTree Benchmarks,Standard Tree,,1,elements,160159017.0,ns,593628
RustyTree Benchmarks,Standard Tree,,1,elements,173348260.0,ns,594392
RustyTree Benchmarks,Standard Tree,,1,elements,156563278.0,ns,595156
RustyTree Benchmarks,Standard Tree,,1,elements,170584799.0,ns,595920
RustyTree Benchmarks,Standard Tree,,1,elements,160865850.0,ns,596684
RustyTree Benchmarks,Standard Tree,,1,elements,176447092.0,ns,597448
RustyTree Benchmarks,Standard Tree,,1,elements,167671253.0,ns,598212
RustyTree Benchmarks,Standard Tree,,1,elements,156739596.0,ns,598976
RustyTree Benchmarks,Standard Tree,,1,elements,166746746.0,ns,599740
RustyTree Benchmarks,Standard Tree,,1,elements,154772208.0,ns,600504
RustyTree Benchmarks,Standard Tree,,1,elements,143940465.0,ns,601268
RustyTree Benchmarks,Standard Tree,,1,elements,142313190.0,ns,602032
RustyTree Benchmarks,Standard Tree,,1,elements,143483390.0,ns,602796
RustyTree Benchmarks,Standard Tree,,1,elements,173544260.0,ns,603560
RustyTree Benchmarks,Standard Tree,,1,elements,173308815.0,ns,604324
RustyTree Benchmarks,Standard Tree,,1,elements,164493932.0,ns,605088
RustyTree Benchmarks,Standard Tree,,1,elements,172893620.0,ns,605852
RustyTree Benchmarks,Standard Tree,,1,elements,172147037.0,ns,606616
RustyTree Benchmarks,Standard Tree,,1,elements,161649900.0,ns,607380
RustyTree Benchmarks,Standard Tree,,1,elements,172661159.0,ns,608144
RustyTree Benchmarks,Standard Tree,,1,elements,171040954.0,ns,608908
RustyTree Benchmarks,Standard Tree,,1,elements,159572459.0,ns,609672
RustyTree Benchmarks,Standard Tree,,1,elements,171884266.0,ns,610436
RustyTree Benchmarks,Standard Tree,,1,elements,172731791.0,ns,611200
RustyTree Benchmarks,Standard Tree,,1,elements,165340161.0,ns,611964
RustyTree Benchmarks,Standard Tree,,1,elements,177342374.0,ns,612728
RustyTree Benchmarks,Standard Tree,,1,elements,177014571.0,ns,613492
RustyTree Benchmarks,Standard Tree,,1,elements,175891042.0,ns,614256
RustyTree Benchmarks,Standard Tree,,1,elements,168446591.0,ns,615020
RustyTree Benchmarks,Standard Tree,,1,elements,173256673.0,ns,615784
RustyTree Benchmarks,Standard Tree,,1,elements,174139828.0,ns,616548
RustyTree Benchmarks,Standard Tree,,1,elements,169784508.0,ns,617312
RustyTree Benchmarks,Standard Tree,,1,elements,160448404.0,ns,618076
RustyTree Benchmarks,Standard Tree,,1,elements,148155174.0,ns,618840
RustyTree Benchmarks,Standard Tree,,1,elements,145329223.0,ns,619604
RustyTree Benchmarks,Standard Tree,,1,elements,157355921.0,ns,620368
RustyTree Benchmarks,Standard Tree,,1,elements,165628349.0,ns,621132
RustyTree Benchmarks,Standard Tree,,1,elements,178353055.0,ns,621896
RustyTree Benchmarks,Standard Tree,,1,elements,173965485.0,ns,622660
RustyTree Benchmarks,Standard Tree,,1,elements,179471635.0,ns,623424
RustyTree Benchmarks,Standard Tree,,1,elements,178705921.0,ns,624188
RustyTree Benchmarks,Standard Tree,,1,elements,169859658.0,ns,624952
RustyTree Benchmarks,Standard Tree,,1,elements,174981189.0,ns,625716
RustyTree Benchmarks,Standard Tree,,1,elements,174480399.0,ns,626480
RustyTree Benchmarks,Standard Tree,,1,elements,174889936.0,ns,627244
RustyTree Benchmarks,Standard Tree,,1,elements,177664600.0,ns,628008
RustyTree Benchmarks,Standard Tree,,1,elements,166477459.0,ns,628772
RustyTree Benchmarks,Standard Tree,,1,elements,177164139.0,ns,629536
RustyTree Benchmarks,Standard Tree,,1,elements,183042454.0,ns,630300
RustyTree Benchmarks,Standard Tree,,1,elements,180081769.0,ns,631064
RustyTree Benchmarks,Standard Tree,,1,elements,169717125.0,ns,631828
RustyTree Benchmarks,Standard Tree,,1,elements,151894804.0,ns,632592
RustyTree Benchmarks,Standard Tree,,1,elements,153396957.0,ns,633356
RustyTree Benchmarks,Standard Tree,,1,elements,158445070.0,ns,634120
RustyTree Benchmarks,Standard Tree,,1,elements,179005099.0,ns,634884
RustyTree Benchmarks,Standard Tree,,1,elements,181052177.0,ns,635648
RustyTree Benchmarks,Standard Tree,,1,elements,179016565.0,ns,636412
RustyTree Benchmarks,Standard Tree,,1,elements,176213821.0,ns,637176
RustyTree Benchmarks,Standard Tree,,1,elements,179560844.0,ns,637940
RustyTree Benchmarks,Standard Tree,,1,elements,181435906.0,ns,638704
RustyTree Benchmarks,Standard Tree,,1,elements,186617205.0,ns,639468
RustyTree Benchmarks,Standard Tree,,1,elements,184407598.0,ns,640232
RustyTree Benchmarks,Standard Tree,,1,elements,180617939.0,ns,640996
RustyTree Benchmarks,Standard Tree,,1,elements,178759216.0,ns,641760
RustyTree Benchmarks,Standard Tree,,1,elements,168598657.0,ns,642524
RustyTree Benchmarks,Standard Tree,,1,elements,177073204.0,ns,643288
RustyTree Benchmarks,Standard Tree,,1,elements,175058038.0,ns,644052
RustyTree Benchmarks,Standard Tree,,1,elements,175787336.0,ns,644816
RustyTree Benchmarks,Standard Tree,,1,elements,176051207.0,ns,645580
RustyTree Benchmarks,Standard Tree,,1,elements,169335412.0,ns,646344
RustyTree Benchmarks,Standard Tree,,1,elements,176739546.0,ns,647108
RustyTree Benchmarks,Standard Tree,,1,elements,174018847.0,ns,647872
RustyTree Benchmarks,Standard Tree,,1,elements,177430523.0,ns,648636
RustyTree Benchmarks,Standard Tree,,1,elements,171115212.0,ns,649400
RustyTree Benchmarks,Standard Tree,,1,elements,156012606.0,ns,650164
RustyTree Benchmarks,Standard Tree,,1,elements,150404253.0,ns,650928
RustyTree Benchmarks,Standard Tree,,1,elements,146701290.0,ns,651692
RustyTree Benchmarks,Standard Tree,,1,elements,177634023.0,ns,652456
RustyTree Benchmarks,Standard Tree,,1,elements,172691865.0,ns,653220
RustyTree Benchmarks,Standard Tree,,1,elements,171629006.0,ns,653984
RustyTree Benchmarks,Standard Tree,,1,elements,174188440.0,ns,654748
RustyTree Benchmarks,Standard Tree,,1,elements,171088810.0,ns,655512
RustyTree Benchmarks,Standard Tree,,1,elements,176161706.0,ns,656276
RustyTree Benchmarks,Standard Tree,,1,elements,178991485.0,ns,657040
RustyTree Benchmarks,Standard Tree,,1,elements,189057562.0,ns,657804
RustyTree Benchmarks,Standard Tree,,1,elements,177558233.0,ns,658568
RustyTree Benchmarks,Standard Tree,,1,elements,179380631.0,ns,659332
RustyTree Benchmarks,Standard Tree,,1,elements,175971254.0,ns,660096
RustyTree Benchmarks,Standard Tree,,1,elements,175758846.0,ns,660860
RustyTree Benchmarks,Standard Tree,,1,elements,181918829.0,ns,661624
RustyTree Benchmarks,Standard Tree,,1,elements,175273591.0,ns,662388
RustyTree Benchmarks,Standard Tree,,1,elements,168000584.0,ns,663152
RustyTree Benchmarks,Standard Tree,,1,elements,163228703.0,ns,663916
RustyTree Benchmarks,Standard Tree,,1,elements,165114987.0,ns,664680
RustyTree Benchmarks,Standard Tree,,1,elements,150368888.0,ns,665444
RustyTree Benchmarks,Standard Tree,,1,elements,172237027.0,ns,666208
RustyTree Benchmarks,Standard Tree,,1,elements,170681734.0,ns,666972
RustyTree Benchmarks,Standard Tree,,1,elements,172319976.0,ns,667736
RustyTree Benchmarks,Standard Tree,,1,elements,174618503.0,ns,668500
RustyTree Benchmarks,Standard Tree,,1,elements,170312836.0,ns,669264
RustyTree Benchmarks,Standard Tree,,1,elements,168544558.0,ns,670028
RustyTree Benchmarks,Standard Tree,,1,elements,170712677.0,ns,670792
RustyTree Benchmarks,Standard Tree,,1,elements,178595095.0,ns,671556
RustyTree Benchmarks,Standard Tree,,1,elements,169531155.0,ns,672320
RustyTree Benchmarks,Standard Tree,,1,elements,171481986.0,ns,673084
RustyTree Benchmarks,Standard Tree,,1,elements,175432388.0,ns,673848
RustyTree Benchmarks,Standard Tree,,1,elements,185034800.0,ns,674612
RustyTree Benchmarks,Standard Tree,,1,elements,170284978.0,ns,675376
RustyTree Benchmarks,Standard Tree,,1,elements,162946753.0,ns,676140
RustyTree Benchmarks,Standard Tree,,1,elements,169307931.0,ns,676904
RustyTree Benchmarks,Standard Tree,,1,elements,181549225.0,ns,677668
RustyTree Benchmarks,Standard Tree,,1,elements,180404134.0,ns,678432
RustyTree Benchmarks,Standard Tree,,1,elements,192922051.0,ns,679196
RustyTree Benchmarks,Standard Tree,,1,elements,182350060.0,ns,679960
RustyTree Benchmarks,Standard Tree,,1,elements,170689298.0,ns,680724
RustyTree Benchmarks,Standard Tree,,1,elements,172163109.0,ns,681488
RustyTree Benchmarks,Standard Tree,,1,elements,179182845.0,ns,682252
RustyTree Benchmarks,Standard Tree,,1,elements,192365720.0,ns,683016
RustyTree Benchmarks,Standard Tree,,1,elements,181647155.0,ns,683780
RustyTree Benchmarks,Standard Tree,,1,elements,183744433.0,ns,684544
RustyTree Benchmarks,Standard Tree,,1,elements,183739379.0,ns,685308
RustyTree Benchmarks,Standard Tree,,1,elements,169908427.0,ns,686072
RustyTree Benchmarks,Standard Tree,,1,elements,167743790.0,ns,686836
RustyTree Benchmarks,Standard Tree,,1,elements,166892798.0,ns,687600
RustyTree Benchmarks,Standard Tree,,1,elements,174932132.0,ns,688364
RustyTree Benchmarks,Standard Tree,,1,elements,167182164.0,ns,689128
RustyTree Benchmarks,Standard Tree,,1,elements,164543353.0,ns,689892
RustyTree Benchmarks,Standard Tree,,1,elements,178421994.0,ns,690656
RustyTree Benchmarks,Standard Tree,,1,elements,187905816.0,ns,691420
RustyTree Benchmarks,Standard Tree,,1,elements,179670174.0,ns,692184
RustyTree Benchmarks,Standard Tree,,1,elements,182014823.0,ns,692948
RustyTree Benchmarks,Standard Tree,,1,elements,158886382.0,ns,693712
RustyTree Benchmarks,Standard Tree,,1,elements,155329392.0,ns,694476
RustyTree Benchmarks,Standard Tree,,1,elements,183286423.0,ns,695240
RustyTree Benchmarks,Standard Tree,,1,elements,168856706.0,ns,696004
RustyTree Benchmarks,Standard Tree,,1,elements,169370125.0,ns,696768
RustyTree Benchmarks,Standard Tree,,1,elements,179642959.0,ns,697532
RustyTree Benchmarks,Standard Tree,,1,elements,167328531.0,ns,698296
RustyTree Benchmarks,Standard Tree,,1,elements,166586690.0,ns,699060
RustyTree Benchmarks,Standard Tree,,1,elements,177475180.0,ns,699824
RustyTree Benchmarks,Standard Tree,,1,elements,174975559.0,ns,700588
RustyTree Benchmarks,Standard Tree,,1,elements,183784940.0,ns,701352
RustyTree Benchmarks,Standard Tree,,1,elements,170661877.0,ns,702116
RustyTree Benchmarks,Standard Tree,,1,elements,175661250.0,ns,702880
RustyTree Benchmarks,Standard Tree,,1,elements,181858735.0,ns,703644
RustyTree Benchmarks,Standard Tree,,1,elements,156602631.0,ns,704408
RustyTree Benchmarks,Standard Tree,,1,elements,175056069.0,ns,705172
RustyTree Benchmarks,Standard Tree,,1,elements,170169132.0,ns,705936
RustyTree Benchmarks,Standard Tree,,1,elements,179922225.0,ns,706700
RustyTree Benchmarks,Standard Tree,,1,elements,186141716.0,ns,707464
RustyTree Benchmarks,Standard Tree,,1,elements,164455174.0,ns,708228
RustyTree Benchmarks,Standard Tree,,1,elements,178156200.0,ns,708992
RustyTree Benchmarks,Standard Tree,,1,elements,166612430.0,ns,709756
RustyTree Benchmarks,Standard Tree,,1,elements,179682054.0,ns,710520
RustyTree Benchmarks,Standard Tree,,1,elements,169368387.0,ns,711284
RustyTree Benchmarks,Standard Tree,,1,elements,178987173.0,ns,712048
RustyTree Benchmarks,Standard Tree,,1,elements,166162384.0,ns,712812
RustyTree Benchmarks,Standard Tree,,1,elements,176381210.0,ns,713576
RustyTree Benchmarks,Standard Tree,,1,elements,166435636.0,ns,714340
RustyTree Benchmarks,Standard Tree,,1,elements,178691364.0,ns,715104
RustyTree Benchmarks,Standard Tree,,1,elements,171199759.0,ns,715868
RustyTree Benchmarks,Standard Tree,,1,elements,166974918.0,ns,716632
RustyTree Benchmarks,Standard Tree,,1,elements,154990472.0,ns,717396
RustyTree Benchmarks,Standard Tree,,1,elements,197185872.0,ns,718160
RustyTree Benchmarks,Standard Tree,,1,elements,177705841.0,ns,718924
RustyTree Benchmarks,Standard Tree,,1,elements,188711357.0,ns,719688
RustyTree Benchmarks,Standard Tree,,1,elements,176295184.0,ns,720452
RustyTree Benchmarks,Standard Tree,,1,elements,186634120.0,ns,721216
RustyTree Benchmarks,Standard Tree,,1,elements,174978635.0,ns,721980
RustyTree Benchmarks,Standard Tree,,1,elements,182701248.0,ns,722744
RustyTree Benchmarks,Standard Tree,,1,elements,182902929.0,ns,723508
RustyTree Benchmarks,Standard Tree,,1,elements,176815117.0,ns,724272
RustyTree Benchmarks,Standard Tree,,1,elements,177560761.0,ns,725036
RustyTree Benchmarks,Standard Tree,,1,elements,180371019.0,ns,725800
RustyTree Benchmarks,Standard Tree,,1,elements,186170264.0,ns,726564
RustyTree Benchmarks,Standard Tree,,1,elements,179380728.0,ns,727328
RustyTree Benchmarks,Standard Tree,,1,elements,188677973.0,ns,728092
RustyTree Benchmarks,Standard Tree,,1,elements,198167346.0,ns,728856
RustyTree Benchmarks,Standard Tree,,1,elements,172988046.0,ns,729620
RustyTree Benchmarks,Standard Tree,,1,elements,169420683.0,ns,730384
RustyTree Benchmarks,Standard Tree,,1,elements,179564454.0,ns,731148
RustyTree Benchmarks,Standard Tree,,1,elements,175415822.0,ns,731912
RustyTree Benchmarks,Standard Tree,,1,elements,173365598.0,ns,732676
RustyTree Benchmarks,Standard Tree,,1,elements,175540569.0,ns,733440
RustyTree Benchmarks,Standard Tree,,1,elements,186772569.0,ns,734204
RustyTree Benchmarks,Standard Tree,,1,elements,189902048.0,ns,734968
RustyTree Benchmarks,Standard Tree,,1,elements,181765367.0,ns,735732
RustyTree Benchmarks,Standard Tree,,1,elements,191316129.0,ns,736496
RustyTree Benchmarks,Standard Tree,,1,elements,191546597.0,ns,737260
RustyTree Benchmarks,Standard Tree,,1,elements,176486569.0,ns,738024
RustyTree Benchmarks,Standard Tree,,1,elements,188544974.0,ns,738788
RustyTree Benchmarks,Standard Tree,,1,elements,191560789.0,ns,739552
RustyTree Benchmarks,Standard Tree,,1,elements,189570717.0,ns,740316
RustyTree Benchmarks,Standard Tree,,1,elements,187056963.0,ns,741080
RustyTree Benchmarks,Standard Tree,,1,elements,177996765.0,ns,741844
RustyTree Benchmarks,Standard Tree,,1,elements,171088258.0,ns,742608
RustyTree Benchmarks,Standard Tree,,1,elements,182856950.0,ns,743372
RustyTree Benchmarks,Standard Tree,,1,elements,195623637.0,ns,744136
RustyTree Benchmarks,Standard Tree,,1,elements,198670714.0,ns,744900
RustyTree Benchmarks,Standard Tree,,1,elements,191537012.0,ns,745664
RustyTree Benchmarks,Standard Tree,,1,elements,178132596.0,ns,746428
RustyTree Benchmarks,Standard Tree,,1,elements,180302027.0,ns,747192
RustyTree Benchmarks,Standard Tree,,1,elements,170409047.0,ns,747956
RustyTree Benchmarks,Standard Tree,,1,elements,182505032.0,ns,748720
RustyTree Benchmarks,Standard Tree,,1,elements,198512728.0,ns,749484
RustyTree Benchmarks,Standard Tree,,1,elements,226671705.0,ns,750248
RustyTree Benchmarks,Standard Tree,,1,elements,195273149.0,ns,751012
RustyTree Benchmarks,Standard Tree,,1,elements,195563874.0,ns,751776
RustyTree Benchmarks,Standard Tree,,1,elements,197432143.0,ns,752540
RustyTree Benchmarks,Standard Tree,,1,elements,199982232.0,ns,753304
RustyTree Benchmarks,Standard Tree,,1,elements,197140525.0,ns,754068
RustyTree Benchmarks,Standard Tree,,1,elements,189397793.0,ns,754832
RustyTree Benchmarks,Standard Tree,,1,elements,181124380.0,ns,755596
RustyTree Benchmarks,Standard Tree,,1,elements,184999065.0,ns,756360
RustyTree Benchmarks,Standard Tree,,1,elements,192378757.0,ns,757124
RustyTree Benchmarks,Standard Tree,,1,elements,192644905.0,ns,757888
RustyTree Benchmarks,Standard Tree,,1,elements,202914467.0,ns,758652
RustyTree Benchmarks,Standard Tree,,1,elements,201905757.0,ns,759416
RustyTree Benchmarks,Standard Tree,,1,elements,194923416.0,ns,760180
RustyTree Benchmarks,Standard Tree,,1,elements,202306414.0,ns,760944
RustyTree Benchmarks,Standard Tree,,1,elements,198699285.0,ns,761708
RustyTree Benchmarks,Standard Tree,,1,elements,197109777.0,ns,762472
RustyTree Benchmarks,Standard Tree,,1,elements,198872647.0,ns,763236
RustyTree Benchmarks,Standard Tree,,1,elements,204572337.0,ns,764000
