{"mean":{"confidence_interval":{"confidence_level":0.95,"lower_bound":307.45531029787344,"upper_bound":317.49385487285764},"point_estimate":312.28047228472195,"standard_error":2.5626991456576},"median":{"confidence_interval":{"confidence_level":0.95,"lower_bound":303.0948295534629,"upper_bound":307.70145140755085},"point_estimate":305.69928758304707,"standard_error":1.252886500513283},"median_abs_dev":{"confidence_interval":{"confidence_level":0.95,"lower_bound":34.495351867548536,"upper_bound":40.11745859475644},"point_estimate":37.0392170389429,"standard_error":1.4406519092543424},"slope":{"confidence_interval":{"confidence_level":0.95,"lower_bound":310.28282898224245,"upper_bound":319.5832535112125},"point_estimate":314.139669043242,"standard_error":2.4184388641332313},"std_dev":{"confidence_interval":{"confidence_level":0.95,"lower_bound":64.58033374685161,"upper_bound":99.28761085265052},"point_estimate":81.20667113401124,"standard_error":8.935974371076108}}