group,function,value,throughput_num,throughput_type,sample_measured_value,unit,iteration_count
RustyTree Benchmarks,Macro Tree,,1,elements,106141.0,ns,541
RustyTree Benchmarks,Macro Tree,,1,elements,206862.0,ns,1082
RustyTree Benchmarks,Macro Tree,,1,elements,300161.0,ns,1623
RustyTree Benchmarks,Macro Tree,,1,elements,405606.0,ns,2164
RustyTree Benchmarks,Macro Tree,,1,elements,504320.0,ns,2705
RustyTree Benchmarks,Macro Tree,,1,elements,609898.0,ns,3246
RustyTree Benchmarks,Macro Tree,,1,elements,703805.0,ns,3787
RustyTree Benchmarks,Macro Tree,,1,elements,827115.0,ns,4328
RustyTree Benchmarks,Macro Tree,,1,elements,910465.0,ns,4869
RustyTree Benchmarks,Macro Tree,,1,elements,1026995.0,ns,5410
RustyTree Benchmarks,Macro Tree,,1,elements,1149472.0,ns,5951
RustyTree Benchmarks,Macro Tree,,1,elements,1119703.0,ns,6492
RustyTree Benchmarks,Macro Tree,,1,elements,1233889.0,ns,7033
RustyTree Benchmarks,Macro Tree,,1,elements,1313420.0,ns,7574
RustyTree Benchmarks,Macro Tree,,1,elements,1435498.0,ns,8115
RustyTree Benchmarks,Macro Tree,,1,elements,1533573.0,ns,8656
RustyTree Benchmarks,Macro Tree,,1,elements,1634904.0,ns,9197
RustyTree Benchmarks,Macro Tree,,1,elements,1704895.0,ns,9738
RustyTree Benchmarks,Macro Tree,,1,elements,14210229.0,ns,10279
RustyTree Benchmarks,Macro Tree,,1,elements,1965561.0,ns,10820
RustyTree Benchmarks,Macro Tree,,1,elements,2031618.0,ns,11361
RustyTree Benchmarks,Macro Tree,,1,elements,2215397.0,ns,11902
RustyTree Benchmarks,Macro Tree,,1,elements,2317607.0,ns,12443
RustyTree Benchmarks,Macro Tree,,1,elements,2487277.0,ns,12984
RustyTree Benchmarks,Macro Tree,,1,elements,2472956.0,ns,13525
RustyTree Benchmarks,Macro Tree,,1,elements,2543825.0,ns,14066
RustyTree Benchmarks,Macro Tree,,1,elements,2662524.0,ns,14607
RustyTree Benchmarks,Macro Tree,,1,elements,2803166.0,ns,15148
RustyTree Benchmarks,Macro Tree,,1,elements,15243185.0,ns,15689
RustyTree Benchmarks,Macro Tree,,1,elements,3034484.0,ns,16230
RustyTree Benchmarks,Macro Tree,,1,elements,3190113.0,ns,16771
RustyTree Benchmarks,Macro Tree,,1,elements,3141394.0,ns,17312
RustyTree Benchmarks,Macro Tree,,1,elements,3143838.0,ns,17853
RustyTree Benchmarks,Macro Tree,,1,elements,3349545.0,ns,18394
RustyTree Benchmarks,Macro Tree,,1,elements,3371853.0,ns,18935
RustyTree Benchmarks,Macro Tree,,1,elements,16016393.0,ns,19476
RustyTree Benchmarks,Macro Tree,,1,elements,3576981.0,ns,20017
RustyTree Benchmarks,Macro Tree,,1,elements,3755254.0,ns,20558
RustyTree Benchmarks,Macro Tree,,1,elements,3845022.0,ns,21099
RustyTree Benchmarks,Macro Tree,,1,elements,4017277.0,ns,21640
RustyTree Benchmarks,Macro Tree,,1,elements,4214675.0,ns,22181
RustyTree Benchmarks,Macro Tree,,1,elements,16992029.0,ns,22722
RustyTree Benchmarks,Macro Tree,,1,elements,4560422.0,ns,23263
RustyTree Benchmarks,Macro Tree,,1,elements,4314720.0,ns,23804
RustyTree Benchmarks,Macro Tree,,1,elements,4330731.0,ns,24345
RustyTree Benchmarks,Macro Tree,,1,elements,4469875.0,ns,24886
RustyTree Benchmarks,Macro Tree,,1,elements,4626125.0,ns,25427
RustyTree Benchmarks,Macro Tree,,1,elements,17245567.0,ns,25968
RustyTree Benchmarks,Macro Tree,,1,elements,5001396.0,ns,26509
RustyTree Benchmarks,Macro Tree,,1,elements,5011862.0,ns,27050
RustyTree Benchmarks,Macro Tree,,1,elements,5208129.0,ns,27591
RustyTree Benchmarks,Macro Tree,,1,elements,17971872.0,ns,28132
RustyTree Benchmarks,Macro Tree,,1,elements,5181846.0,ns,28673
RustyTree Benchmarks,Macro Tree,,1,elements,5144987.0,ns,29214
RustyTree Benchmarks,Macro Tree,,1,elements,5610367.0,ns,29755
RustyTree Benchmarks,Macro Tree,,1,elements,5897399.0,ns,30296
RustyTree Benchmarks,Macro Tree,,1,elements,19118317.0,ns,30837
RustyTree Benchmarks,Macro Tree,,1,elements,5896917.0,ns,31378
RustyTree Benchmarks,Macro Tree,,1,elements,6255313.0,ns,31919
RustyTree Benchmarks,Macro Tree,,1,elements,6124216.0,ns,32460
RustyTree Benchmarks,Macro Tree,,1,elements,20266412.0,ns,33001
RustyTree Benchmarks,Macro Tree,,1,elements,8671375.0,ns,33542
RustyTree Benchmarks,Macro Tree,,1,elements,6116094.0,ns,34083
RustyTree Benchmarks,Macro Tree,,1,elements,8893245.0,ns,34624
RustyTree Benchmarks,Macro Tree,,1,elements,20134252.0,ns,35165
RustyTree Benchmarks,Macro Tree,,1,elements,8920784.0,ns,35706
RustyTree Benchmarks,Macro Tree,,1,elements,9462953.0,ns,36247
RustyTree Benchmarks,Macro Tree,,1,elements,23354676.0,ns,36788
RustyTree Benchmarks,Macro Tree,,1,elements,6580810.0,ns,37329
RustyTree Benchmarks,Macro Tree,,1,elements,8966026.0,ns,37870
RustyTree Benchmarks,Macro Tree,,1,elements,10387335.0,ns,38411
RustyTree Benchmarks,Macro Tree,,1,elements,23711011.0,ns,38952
RustyTree Benchmarks,Macro Tree,,1,elements,7809433.0,ns,39493
RustyTree Benchmarks,Macro Tree,,1,elements,11549666.0,ns,40034
RustyTree Benchmarks,Macro Tree,,1,elements,23779809.0,ns,40575
RustyTree Benchmarks,Macro Tree,,1,elements,13118161.0,ns,41116
RustyTree Benchmarks,Macro Tree,,1,elements,9473868.0,ns,41657
RustyTree Benchmarks,Macro Tree,,1,elements,24345603.0,ns,42198
RustyTree Benchmarks,Macro Tree,,1,elements,11037527.0,ns,42739
RustyTree Benchmarks,Macro Tree,,1,elements,12373657.0,ns,43280
RustyTree Benchmarks,Macro Tree,,1,elements,24205737.0,ns,43821
RustyTree Benchmarks,Macro Tree,,1,elements,8098248.0,ns,44362
RustyTree Benchmarks,Macro Tree,,1,elements,12510472.0,ns,44903
RustyTree Benchmarks,Macro Tree,,1,elements,26463180.0,ns,45444
RustyTree Benchmarks,Macro Tree,,1,elements,8553990.0,ns,45985
RustyTree Benchmarks,Macro Tree,,1,elements,11962323.0,ns,46526
RustyTree Benchmarks,Macro Tree,,1,elements,27191096.0,ns,47067
RustyTree Benchmarks,Macro Tree,,1,elements,13570910.0,ns,47608
RustyTree Benchmarks,Macro Tree,,1,elements,8806256.0,ns,48149
RustyTree Benchmarks,Macro Tree,,1,elements,24701142.0,ns,48690
RustyTree Benchmarks,Macro Tree,,1,elements,12598990.0,ns,49231
RustyTree Benchmarks,Macro Tree,,1,elements,25318061.0,ns,49772
RustyTree Benchmarks,Macro Tree,,1,elements,12013207.0,ns,50313
RustyTree Benchmarks,Macro Tree,,1,elements,12104200.0,ns,50854
RustyTree Benchmarks,Macro Tree,,1,elements,26739595.0,ns,51395
RustyTree Benchmarks,Macro Tree,,1,elements,13745886.0,ns,51936
RustyTree Benchmarks,Macro Tree,,1,elements,26111320.0,ns,52477
RustyTree Benchmarks,Macro Tree,,1,elements,13922304.0,ns,53018
RustyTree Benchmarks,Macro Tree,,1,elements,11571576.0,ns,53559
RustyTree Benchmarks,Macro Tree,,1,elements,26414041.0,ns,54100
RustyTree Benchmarks,Macro Tree,,1,elements,12281396.0,ns,54641
RustyTree Benchmarks,Macro Tree,,1,elements,26387785.0,ns,55182
RustyTree Benchmarks,Macro Tree,,1,elements,13421835.0,ns,55723
RustyTree Benchmarks,Macro Tree,,1,elements,14109549.0,ns,56264
RustyTree Benchmarks,Macro Tree,,1,elements,27616084.0,ns,56805
RustyTree Benchmarks,Macro Tree,,1,elements,13464746.0,ns,57346
RustyTree Benchmarks,Macro Tree,,1,elements,26849463.0,ns,57887
RustyTree Benchmarks,Macro Tree,,1,elements,13073421.0,ns,58428
RustyTree Benchmarks,Macro Tree,,1,elements,25995547.0,ns,58969
RustyTree Benchmarks,Macro Tree,,1,elements,13036298.0,ns,59510
RustyTree Benchmarks,Macro Tree,,1,elements,29382900.0,ns,60051
RustyTree Benchmarks,Macro Tree,,1,elements,13275832.0,ns,60592
RustyTree Benchmarks,Macro Tree,,1,elements,28401986.0,ns,61133
RustyTree Benchmarks,Macro Tree,,1,elements,12763542.0,ns,61674
RustyTree Benchmarks,Macro Tree,,1,elements,28048410.0,ns,62215
RustyTree Benchmarks,Macro Tree,,1,elements,14643297.0,ns,62756
RustyTree Benchmarks,Macro Tree,,1,elements,27437204.0,ns,63297
RustyTree Benchmarks,Macro Tree,,1,elements,14268835.0,ns,63838
RustyTree Benchmarks,Macro Tree,,1,elements,13861191.0,ns,64379
RustyTree Benchmarks,Macro Tree,,1,elements,31022642.0,ns,64920
RustyTree Benchmarks,Macro Tree,,1,elements,14619652.0,ns,65461
RustyTree Benchmarks,Macro Tree,,1,elements,26452020.0,ns,66002
RustyTree Benchmarks,Macro Tree,,1,elements,30409204.0,ns,66543
RustyTree Benchmarks,Macro Tree,,1,elements,14376162.0,ns,67084
RustyTree Benchmarks,Macro Tree,,1,elements,28267569.0,ns,67625
RustyTree Benchmarks,Macro Tree,,1,elements,14619891.0,ns,68166
RustyTree Benchmarks,Macro Tree,,1,elements,30186185.0,ns,68707
RustyTree Benchmarks,Macro Tree,,1,elements,15525369.0,ns,69248
RustyTree Benchmarks,Macro Tree,,1,elements,28496132.0,ns,69789
RustyTree Benchmarks,Macro Tree,,1,elements,15176876.0,ns,70330
RustyTree Benchmarks,Macro Tree,,1,elements,31003316.0,ns,70871
RustyTree Benchmarks,Macro Tree,,1,elements,14482968.0,ns,71412
RustyTree Benchmarks,Macro Tree,,1,elements,30179178.0,ns,71953
RustyTree Benchmarks,Macro Tree,,1,elements,15715792.0,ns,72494
RustyTree Benchmarks,Macro Tree,,1,elements,27484972.0,ns,73035
RustyTree Benchmarks,Macro Tree,,1,elements,29230633.0,ns,73576
RustyTree Benchmarks,Macro Tree,,1,elements,16558636.0,ns,74117
RustyTree Benchmarks,Macro Tree,,1,elements,31172892.0,ns,74658
RustyTree Benchmarks,Macro Tree,,1,elements,15392659.0,ns,75199
RustyTree Benchmarks,Macro Tree,,1,elements,33405806.0,ns,75740
RustyTree Benchmarks,Macro Tree,,1,elements,18061176.0,ns,76281
RustyTree Benchmarks,Macro Tree,,1,elements,28243913.0,ns,76822
RustyTree Benchmarks,Macro Tree,,1,elements,31029638.0,ns,77363
RustyTree Benchmarks,Macro Tree,,1,elements,16238818.0,ns,77904
RustyTree Benchmarks,Macro Tree,,1,elements,31642661.0,ns,78445
RustyTree Benchmarks,Macro Tree,,1,elements,16710161.0,ns,78986
RustyTree Benchmarks,Macro Tree,,1,elements,31917207.0,ns,79527
RustyTree Benchmarks,Macro Tree,,1,elements,30801021.0,ns,80068
RustyTree Benchmarks,Macro Tree,,1,elements,17378647.0,ns,80609
RustyTree Benchmarks,Macro Tree,,1,elements,33340284.0,ns,81150
RustyTree Benchmarks,Macro Tree,,1,elements,32023364.0,ns,81691
RustyTree Benchmarks,Macro Tree,,1,elements,16382028.0,ns,82232
RustyTree Benchmarks,Macro Tree,,1,elements,34101821.0,ns,82773
RustyTree Benchmarks,Macro Tree,,1,elements,19037544.0,ns,83314
RustyTree Benchmarks,Macro Tree,,1,elements,33687374.0,ns,83855
RustyTree Benchmarks,Macro Tree,,1,elements,32995228.0,ns,84396
RustyTree Benchmarks,Macro Tree,,1,elements,20545294.0,ns,84937
RustyTree Benchmarks,Macro Tree,,1,elements,31284993.0,ns,85478
RustyTree Benchmarks,Macro Tree,,1,elements,35178984.0,ns,86019
RustyTree Benchmarks,Macro Tree,,1,elements,21717234.0,ns,86560
RustyTree Benchmarks,Macro Tree,,1,elements,35531238.0,ns,87101
RustyTree Benchmarks,Macro Tree,,1,elements,33809284.0,ns,87642
RustyTree Benchmarks,Macro Tree,,1,elements,24912752.0,ns,88183
RustyTree Benchmarks,Macro Tree,,1,elements,35176136.0,ns,88724
RustyTree Benchmarks,Macro Tree,,1,elements,36212745.0,ns,89265
RustyTree Benchmarks,Macro Tree,,1,elements,20876879.0,ns,89806
RustyTree Benchmarks,Macro Tree,,1,elements,37674272.0,ns,90347
RustyTree Benchmarks,Macro Tree,,1,elements,35210177.0,ns,90888
RustyTree Benchmarks,Macro Tree,,1,elements,33440814.0,ns,91429
RustyTree Benchmarks,Macro Tree,,1,elements,22595723.0,ns,91970
RustyTree Benchmarks,Macro Tree,,1,elements,35191060.0,ns,92511
RustyTree Benchmarks,Macro Tree,,1,elements,34930280.0,ns,93052
RustyTree Benchmarks,Macro Tree,,1,elements,26513229.0,ns,93593
RustyTree Benchmarks,Macro Tree,,1,elements,34545294.0,ns,94134
RustyTree Benchmarks,Macro Tree,,1,elements,37821302.0,ns,94675
RustyTree Benchmarks,Macro Tree,,1,elements,38779390.0,ns,95216
RustyTree Benchmarks,Macro Tree,,1,elements,21729561.0,ns,95757
RustyTree Benchmarks,Macro Tree,,1,elements,37301617.0,ns,96298
RustyTree Benchmarks,Macro Tree,,1,elements,38189868.0,ns,96839
RustyTree Benchmarks,Macro Tree,,1,elements,38992445.0,ns,97380
RustyTree Benchmarks,Macro Tree,,1,elements,23127347.0,ns,97921
RustyTree Benchmarks,Macro Tree,,1,elements,36939218.0,ns,98462
RustyTree Benchmarks,Macro Tree,,1,elements,36512745.0,ns,99003
RustyTree Benchmarks,Macro Tree,,1,elements,35200161.0,ns,99544
RustyTree Benchmarks,Macro Tree,,1,elements,21225219.0,ns,100085
RustyTree Benchmarks,Macro Tree,,1,elements,36485692.0,ns,100626
RustyTree Benchmarks,Macro Tree,,1,elements,35141226.0,ns,101167
RustyTree Benchmarks,Macro Tree,,1,elements,37490289.0,ns,101708
RustyTree Benchmarks,Macro Tree,,1,elements,21535439.0,ns,102249
RustyTree Benchmarks,Macro Tree,,1,elements,37812645.0,ns,102790
RustyTree Benchmarks,Macro Tree,,1,elements,36318406.0,ns,103331
RustyTree Benchmarks,Macro Tree,,1,elements,33842750.0,ns,103872
RustyTree Benchmarks,Macro Tree,,1,elements,35060867.0,ns,104413
RustyTree Benchmarks,Macro Tree,,1,elements,24824356.0,ns,104954
RustyTree Benchmarks,Macro Tree,,1,elements,34891513.0,ns,105495
RustyTree Benchmarks,Macro Tree,,1,elements,35415386.0,ns,106036
RustyTree Benchmarks,Macro Tree,,1,elements,37324120.0,ns,106577
RustyTree Benchmarks,Macro Tree,,1,elements,37363295.0,ns,107118
RustyTree Benchmarks,Macro Tree,,1,elements,37283477.0,ns,107659
RustyTree Benchmarks,Macro Tree,,1,elements,25097551.0,ns,108200
RustyTree Benchmarks,Macro Tree,,1,elements,38418654.0,ns,108741
RustyTree Benchmarks,Macro Tree,,1,elements,37420058.0,ns,109282
RustyTree Benchmarks,Macro Tree,,1,elements,36630272.0,ns,109823
RustyTree Benchmarks,Macro Tree,,1,elements,37363576.0,ns,110364
RustyTree Benchmarks,Macro Tree,,1,elements,38717380.0,ns,110905
RustyTree Benchmarks,Macro Tree,,1,elements,26405371.0,ns,111446
RustyTree Benchmarks,Macro Tree,,1,elements,39772483.0,ns,111987
RustyTree Benchmarks,Macro Tree,,1,elements,39524755.0,ns,112528
RustyTree Benchmarks,Macro Tree,,1,elements,42965956.0,ns,113069
RustyTree Benchmarks,Macro Tree,,1,elements,38794890.0,ns,113610
RustyTree Benchmarks,Macro Tree,,1,elements,42872708.0,ns,114151
RustyTree Benchmarks,Macro Tree,,1,elements,38373417.0,ns,114692
RustyTree Benchmarks,Macro Tree,,1,elements,42811296.0,ns,115233
RustyTree Benchmarks,Macro Tree,,1,elements,23043767.0,ns,115774
RustyTree Benchmarks,Macro Tree,,1,elements,39457764.0,ns,116315
RustyTree Benchmarks,Macro Tree,,1,elements,38363632.0,ns,116856
RustyTree Benchmarks,Macro Tree,,1,elements,40266244.0,ns,117397
RustyTree Benchmarks,Macro Tree,,1,elements,40052691.0,ns,117938
RustyTree Benchmarks,Macro Tree,,1,elements,40574420.0,ns,118479
RustyTree Benchmarks,Macro Tree,,1,elements,39495808.0,ns,119020
RustyTree Benchmarks,Macro Tree,,1,elements,39575832.0,ns,119561
RustyTree Benchmarks,Macro Tree,,1,elements,37354042.0,ns,120102
RustyTree Benchmarks,Macro Tree,,1,elements,39526181.0,ns,120643
RustyTree Benchmarks,Macro Tree,,1,elements,37639593.0,ns,121184
RustyTree Benchmarks,Macro Tree,,1,elements,36769377.0,ns,121725
RustyTree Benchmarks,Macro Tree,,1,elements,22974026.0,ns,122266
RustyTree Benchmarks,Macro Tree,,1,elements,35962489.0,ns,122807
RustyTree Benchmarks,Macro Tree,,1,elements,36194338.0,ns,123348
RustyTree Benchmarks,Macro Tree,,1,elements,39050273.0,ns,123889
RustyTree Benchmarks,Macro Tree,,1,elements,38031935.0,ns,124430
RustyTree Benchmarks,Macro Tree,,1,elements,39625583.0,ns,124971
RustyTree Benchmarks,Macro Tree,,1,elements,37347886.0,ns,125512
RustyTree Benchmarks,Macro Tree,,1,elements,36017546.0,ns,126053
RustyTree Benchmarks,Macro Tree,,1,elements,36421781.0,ns,126594
RustyTree Benchmarks,Macro Tree,,1,elements,38016613.0,ns,127135
RustyTree Benchmarks,Macro Tree,,1,elements,40282208.0,ns,127676
RustyTree Benchmarks,Macro Tree,,1,elements,44016255.0,ns,128217
RustyTree Benchmarks,Macro Tree,,1,elements,45524967.0,ns,128758
RustyTree Benchmarks,Macro Tree,,1,elements,42621196.0,ns,129299
RustyTree Benchmarks,Macro Tree,,1,elements,42097363.0,ns,129840
RustyTree Benchmarks,Macro Tree,,1,elements,45822827.0,ns,130381
RustyTree Benchmarks,Macro Tree,,1,elements,40040949.0,ns,130922
RustyTree Benchmarks,Macro Tree,,1,elements,42106422.0,ns,131463
RustyTree Benchmarks,Macro Tree,,1,elements,43274713.0,ns,132004
RustyTree Benchmarks,Macro Tree,,1,elements,44726570.0,ns,132545
RustyTree Benchmarks,Macro Tree,,1,elements,44967780.0,ns,133086
RustyTree Benchmarks,Macro Tree,,1,elements,43051464.0,ns,133627
RustyTree Benchmarks,Macro Tree,,1,elements,42658548.0,ns,134168
RustyTree Benchmarks,Macro Tree,,1,elements,43181409.0,ns,134709
RustyTree Benchmarks,Macro Tree,,1,elements,41738200.0,ns,135250
RustyTree Benchmarks,Macro Tree,,1,elements,41042708.0,ns,135791
RustyTree Benchmarks,Macro Tree,,1,elements,39998119.0,ns,136332
RustyTree Benchmarks,Macro Tree,,1,elements,38664917.0,ns,136873
RustyTree Benchmarks,Macro Tree,,1,elements,56010032.0,ns,137414
RustyTree Benchmarks,Macro Tree,,1,elements,39922606.0,ns,137955
RustyTree Benchmarks,Macro Tree,,1,elements,42811705.0,ns,138496
RustyTree Benchmarks,Macro Tree,,1,elements,41497549.0,ns,139037
RustyTree Benchmarks,Macro Tree,,1,elements,39662753.0,ns,139578
RustyTree Benchmarks,Macro Tree,,1,elements,38702089.0,ns,140119
RustyTree Benchmarks,Macro Tree,,1,elements,38359638.0,ns,140660
RustyTree Benchmarks,Macro Tree,,1,elements,39947372.0,ns,141201
RustyTree Benchmarks,Macro Tree,,1,elements,40149213.0,ns,141742
RustyTree Benchmarks,Macro Tree,,1,elements,48450294.0,ns,142283
RustyTree Benchmarks,Macro Tree,,1,elements,46377787.0,ns,142824
RustyTree Benchmarks,Macro Tree,,1,elements,49075018.0,ns,143365
RustyTree Benchmarks,Macro Tree,,1,elements,57515277.0,ns,143906
RustyTree Benchmarks,Macro Tree,,1,elements,47655679.0,ns,144447
RustyTree Benchmarks,Macro Tree,,1,elements,47063576.0,ns,144988
RustyTree Benchmarks,Macro Tree,,1,elements,48433056.0,ns,145529
RustyTree Benchmarks,Macro Tree,,1,elements,50170952.0,ns,146070
RustyTree Benchmarks,Macro Tree,,1,elements,46819953.0,ns,146611
RustyTree Benchmarks,Macro Tree,,1,elements,41117375.0,ns,147152
RustyTree Benchmarks,Macro Tree,,1,elements,41981392.0,ns,147693
RustyTree Benchmarks,Macro Tree,,1,elements,58398638.0,ns,148234
RustyTree Benchmarks,Macro Tree,,1,elements,42132999.0,ns,148775
RustyTree Benchmarks,Macro Tree,,1,elements,43554478.0,ns,149316
RustyTree Benchmarks,Macro Tree,,1,elements,43016556.0,ns,149857
RustyTree Benchmarks,Macro Tree,,1,elements,45317400.0,ns,150398
RustyTree Benchmarks,Macro Tree,,1,elements,44736481.0,ns,150939
RustyTree Benchmarks,Macro Tree,,1,elements,45219779.0,ns,151480
RustyTree Benchmarks,Macro Tree,,1,elements,59235624.0,ns,152021
RustyTree Benchmarks,Macro Tree,,1,elements,43461860.0,ns,152562
RustyTree Benchmarks,Macro Tree,,1,elements,46932238.0,ns,153103
RustyTree Benchmarks,Macro Tree,,1,elements,44445384.0,ns,153644
RustyTree Benchmarks,Macro Tree,,1,elements,42019763.0,ns,154185
RustyTree Benchmarks,Macro Tree,,1,elements,56040198.0,ns,154726
RustyTree Benchmarks,Macro Tree,,1,elements,40857509.0,ns,155267
RustyTree Benchmarks,Macro Tree,,1,elements,42759938.0,ns,155808
RustyTree Benchmarks,Macro Tree,,1,elements,43545736.0,ns,156349
RustyTree Benchmarks,Macro Tree,,1,elements,49372321.0,ns,156890
RustyTree Benchmarks,Macro Tree,,1,elements,65086009.0,ns,157431
RustyTree Benchmarks,Macro Tree,,1,elements,48962136.0,ns,157972
RustyTree Benchmarks,Macro Tree,,1,elements,50409600.0,ns,158513
RustyTree Benchmarks,Macro Tree,,1,elements,52195530.0,ns,159054
RustyTree Benchmarks,Macro Tree,,1,elements,49457740.0,ns,159595
RustyTree Benchmarks,Macro Tree,,1,elements,62690976.0,ns,160136
RustyTree Benchmarks,Macro Tree,,1,elements,47005376.0,ns,160677
RustyTree Benchmarks,Macro Tree,,1,elements,45734811.0,ns,161218
RustyTree Benchmarks,Macro Tree,,1,elements,44963059.0,ns,161759
RustyTree Benchmarks,Macro Tree,,1,elements,58977233.0,ns,162300
RustyTree Benchmarks,Macro Tree,,1,elements,47581724.0,ns,162841
RustyTree Benchmarks,Macro Tree,,1,elements,47938159.0,ns,163382
RustyTree Benchmarks,Macro Tree,,1,elements,47259848.0,ns,163923
RustyTree Benchmarks,Macro Tree,,1,elements,63260364.0,ns,164464
RustyTree Benchmarks,Macro Tree,,1,elements,52190640.0,ns,165005
RustyTree Benchmarks,Macro Tree,,1,elements,49137418.0,ns,165546
RustyTree Benchmarks,Macro Tree,,1,elements,44610658.0,ns,166087
RustyTree Benchmarks,Macro Tree,,1,elements,57119428.0,ns,166628
RustyTree Benchmarks,Macro Tree,,1,elements,45877626.0,ns,167169
RustyTree Benchmarks,Macro Tree,,1,elements,43337560.0,ns,167710
RustyTree Benchmarks,Macro Tree,,1,elements,58856984.0,ns,168251
RustyTree Benchmarks,Macro Tree,,1,elements,51962584.0,ns,168792
RustyTree Benchmarks,Macro Tree,,1,elements,54444649.0,ns,169333
RustyTree Benchmarks,Macro Tree,,1,elements,66483628.0,ns,169874
RustyTree Benchmarks,Macro Tree,,1,elements,52335121.0,ns,170415
RustyTree Benchmarks,Macro Tree,,1,elements,52609547.0,ns,170956
RustyTree Benchmarks,Macro Tree,,1,elements,50465326.0,ns,171497
RustyTree Benchmarks,Macro Tree,,1,elements,62132832.0,ns,172038
RustyTree Benchmarks,Macro Tree,,1,elements,48883017.0,ns,172579
RustyTree Benchmarks,Macro Tree,,1,elements,46058602.0,ns,173120
RustyTree Benchmarks,Macro Tree,,1,elements,61156369.0,ns,173661
RustyTree Benchmarks,Macro Tree,,1,elements,48152557.0,ns,174202
RustyTree Benchmarks,Macro Tree,,1,elements,47437579.0,ns,174743
RustyTree Benchmarks,Macro Tree,,1,elements,60175066.0,ns,175284
RustyTree Benchmarks,Macro Tree,,1,elements,49858693.0,ns,175825
RustyTree Benchmarks,Macro Tree,,1,elements,66169566.0,ns,176366
RustyTree Benchmarks,Macro Tree,,1,elements,48932878.0,ns,176907
RustyTree Benchmarks,Macro Tree,,1,elements,47683868.0,ns,177448
RustyTree Benchmarks,Macro Tree,,1,elements,63156275.0,ns,177989
RustyTree Benchmarks,Macro Tree,,1,elements,50488297.0,ns,178530
RustyTree Benchmarks,Macro Tree,,1,elements,48904496.0,ns,179071
RustyTree Benchmarks,Macro Tree,,1,elements,62676953.0,ns,179612
RustyTree Benchmarks,Macro Tree,,1,elements,50043321.0,ns,180153
RustyTree Benchmarks,Macro Tree,,1,elements,62335987.0,ns,180694
RustyTree Benchmarks,Macro Tree,,1,elements,49096558.0,ns,181235
RustyTree Benchmarks,Macro Tree,,1,elements,49847393.0,ns,181776
RustyTree Benchmarks,Macro Tree,,1,elements,68912559.0,ns,182317
RustyTree Benchmarks,Macro Tree,,1,elements,53664443.0,ns,182858
RustyTree Benchmarks,Macro Tree,,1,elements,68041306.0,ns,183399
RustyTree Benchmarks,Macro Tree,,1,elements,54630035.0,ns,183940
RustyTree Benchmarks,Macro Tree,,1,elements,56296020.0,ns,184481
RustyTree Benchmarks,Macro Tree,,1,elements,67692190.0,ns,185022
RustyTree Benchmarks,Macro Tree,,1,elements,55458166.0,ns,185563
RustyTree Benchmarks,Macro Tree,,1,elements,95652559.0,ns,186104
RustyTree Benchmarks,Macro Tree,,1,elements,50521880.0,ns,186645
RustyTree Benchmarks,Macro Tree,,1,elements,66480997.0,ns,187186
RustyTree Benchmarks,Macro Tree,,1,elements,52156822.0,ns,187727
RustyTree Benchmarks,Macro Tree,,1,elements,49663065.0,ns,188268
RustyTree Benchmarks,Macro Tree,,1,elements,62898520.0,ns,188809
RustyTree Benchmarks,Macro Tree,,1,elements,50068989.0,ns,189350
RustyTree Benchmarks,Macro Tree,,1,elements,63478647.0,ns,189891
RustyTree Benchmarks,Macro Tree,,1,elements,47766054.0,ns,190432
RustyTree Benchmarks,Macro Tree,,1,elements,60488383.0,ns,190973
RustyTree Benchmarks,Macro Tree,,1,elements,48599552.0,ns,191514
RustyTree Benchmarks,Macro Tree,,1,elements,66457955.0,ns,192055
RustyTree Benchmarks,Macro Tree,,1,elements,57117317.0,ns,192596
RustyTree Benchmarks,Macro Tree,,1,elements,70789765.0,ns,193137
RustyTree Benchmarks,Macro Tree,,1,elements,61115415.0,ns,193678
RustyTree Benchmarks,Macro Tree,,1,elements,70843133.0,ns,194219
RustyTree Benchmarks,Macro Tree,,1,elements,57422693.0,ns,194760
RustyTree Benchmarks,Macro Tree,,1,elements,63636624.0,ns,195301
RustyTree Benchmarks,Macro Tree,,1,elements,55195481.0,ns,195842
RustyTree Benchmarks,Macro Tree,,1,elements,69712877.0,ns,196383
RustyTree Benchmarks,Macro Tree,,1,elements,55393481.0,ns,196924
RustyTree Benchmarks,Macro Tree,,1,elements,73962042.0,ns,197465
RustyTree Benchmarks,Macro Tree,,1,elements,51624287.0,ns,198006
RustyTree Benchmarks,Macro Tree,,1,elements,75747955.0,ns,198547
RustyTree Benchmarks,Macro Tree,,1,elements,59714221.0,ns,199088
RustyTree Benchmarks,Macro Tree,,1,elements,73488805.0,ns,199629
RustyTree Benchmarks,Macro Tree,,1,elements,55254627.0,ns,200170
RustyTree Benchmarks,Macro Tree,,1,elements,67344698.0,ns,200711
RustyTree Benchmarks,Macro Tree,,1,elements,53547587.0,ns,201252
RustyTree Benchmarks,Macro Tree,,1,elements,68369327.0,ns,201793
RustyTree Benchmarks,Macro Tree,,1,elements,66855147.0,ns,202334
RustyTree Benchmarks,Macro Tree,,1,elements,56385967.0,ns,202875
RustyTree Benchmarks,Macro Tree,,1,elements,66385079.0,ns,203416
RustyTree Benchmarks,Macro Tree,,1,elements,50972925.0,ns,203957
RustyTree Benchmarks,Macro Tree,,1,elements,67228576.0,ns,204498
RustyTree Benchmarks,Macro Tree,,1,elements,58786961.0,ns,205039
RustyTree Benchmarks,Macro Tree,,1,elements,72061828.0,ns,205580
RustyTree Benchmarks,Macro Tree,,1,elements,75670366.0,ns,206121
RustyTree Benchmarks,Macro Tree,,1,elements,59201322.0,ns,206662
RustyTree Benchmarks,Macro Tree,,1,elements,76716300.0,ns,207203
RustyTree Benchmarks,Macro Tree,,1,elements,58521252.0,ns,207744
RustyTree Benchmarks,Macro Tree,,1,elements,66991818.0,ns,208285
RustyTree Benchmarks,Macro Tree,,1,elements,54419868.0,ns,208826
RustyTree Benchmarks,Macro Tree,,1,elements,69049339.0,ns,209367
RustyTree Benchmarks,Macro Tree,,1,elements,69475317.0,ns,209908
RustyTree Benchmarks,Macro Tree,,1,elements,58513546.0,ns,210449
RustyTree Benchmarks,Macro Tree,,1,elements,77721497.0,ns,210990
RustyTree Benchmarks,Macro Tree,,1,elements,65989387.0,ns,211531
RustyTree Benchmarks,Macro Tree,,1,elements,52627348.0,ns,212072
RustyTree Benchmarks,Macro Tree,,1,elements,64021757.0,ns,212613
RustyTree Benchmarks,Macro Tree,,1,elements,51577683.0,ns,213154
RustyTree Benchmarks,Macro Tree,,1,elements,67973751.0,ns,213695
RustyTree Benchmarks,Macro Tree,,1,elements,69140056.0,ns,214236
RustyTree Benchmarks,Macro Tree,,1,elements,58304784.0,ns,214777
RustyTree Benchmarks,Macro Tree,,1,elements,72488443.0,ns,215318
RustyTree Benchmarks,Macro Tree,,1,elements,71196023.0,ns,215859
RustyTree Benchmarks,Macro Tree,,1,elements,59255713.0,ns,216400
RustyTree Benchmarks,Macro Tree,,1,elements,67312023.0,ns,216941
RustyTree Benchmarks,Macro Tree,,1,elements,66752083.0,ns,217482
RustyTree Benchmarks,Macro Tree,,1,elements,54023647.0,ns,218023
RustyTree Benchmarks,Macro Tree,,1,elements,69857878.0,ns,218564
RustyTree Benchmarks,Macro Tree,,1,elements,72919490.0,ns,219105
RustyTree Benchmarks,Macro Tree,,1,elements,56044737.0,ns,219646
RustyTree Benchmarks,Macro Tree,,1,elements,73322641.0,ns,220187
RustyTree Benchmarks,Macro Tree,,1,elements,67768253.0,ns,220728
RustyTree Benchmarks,Macro Tree,,1,elements,66948266.0,ns,221269
RustyTree Benchmarks,Macro Tree,,1,elements,54991526.0,ns,221810
RustyTree Benchmarks,Macro Tree,,1,elements,70937604.0,ns,222351
RustyTree Benchmarks,Macro Tree,,1,elements,78486465.0,ns,222892
RustyTree Benchmarks,Macro Tree,,1,elements,65199707.0,ns,223433
RustyTree Benchmarks,Macro Tree,,1,elements,78237663.0,ns,223974
RustyTree Benchmarks,Macro Tree,,1,elements,81563406.0,ns,224515
RustyTree Benchmarks,Macro Tree,,1,elements,71571720.0,ns,225056
RustyTree Benchmarks,Macro Tree,,1,elements,58845108.0,ns,225597
RustyTree Benchmarks,Macro Tree,,1,elements,80474427.0,ns,226138
RustyTree Benchmarks,Macro Tree,,1,elements,81979350.0,ns,226679
RustyTree Benchmarks,Macro Tree,,1,elements,76250010.0,ns,227220
RustyTree Benchmarks,Macro Tree,,1,elements,61267253.0,ns,227761
RustyTree Benchmarks,Macro Tree,,1,elements,71639334.0,ns,228302
RustyTree Benchmarks,Macro Tree,,1,elements,67891635.0,ns,228843
RustyTree Benchmarks,Macro Tree,,1,elements,69015740.0,ns,229384
RustyTree Benchmarks,Macro Tree,,1,elements,58723177.0,ns,229925
RustyTree Benchmarks,Macro Tree,,1,elements,68776051.0,ns,230466
RustyTree Benchmarks,Macro Tree,,1,elements,68238879.0,ns,231007
RustyTree Benchmarks,Macro Tree,,1,elements,68816810.0,ns,231548
RustyTree Benchmarks,Macro Tree,,1,elements,59081881.0,ns,232089
RustyTree Benchmarks,Macro Tree,,1,elements,79788908.0,ns,232630
RustyTree Benchmarks,Macro Tree,,1,elements,79946378.0,ns,233171
RustyTree Benchmarks,Macro Tree,,1,elements,85184133.0,ns,233712
RustyTree Benchmarks,Macro Tree,,1,elements,82733169.0,ns,234253
RustyTree Benchmarks,Macro Tree,,1,elements,65428057.0,ns,234794
RustyTree Benchmarks,Macro Tree,,1,elements,80014418.0,ns,235335
RustyTree Benchmarks,Macro Tree,,1,elements,76915669.0,ns,235876
RustyTree Benchmarks,Macro Tree,,1,elements,72293894.0,ns,236417
RustyTree Benchmarks,Macro Tree,,1,elements,78299744.0,ns,236958
RustyTree Benchmarks,Macro Tree,,1,elements,73012241.0,ns,237499
RustyTree Benchmarks,Macro Tree,,1,elements,62204909.0,ns,238040
RustyTree Benchmarks,Macro Tree,,1,elements,75114835.0,ns,238581
RustyTree Benchmarks,Macro Tree,,1,elements,73478851.0,ns,239122
RustyTree Benchmarks,Macro Tree,,1,elements,71029218.0,ns,239663
RustyTree Benchmarks,Macro Tree,,1,elements,71930731.0,ns,240204
RustyTree Benchmarks,Macro Tree,,1,elements,73148801.0,ns,240745
RustyTree Benchmarks,Macro Tree,,1,elements,62640659.0,ns,241286
RustyTree Benchmarks,Macro Tree,,1,elements,76956872.0,ns,241827
RustyTree Benchmarks,Macro Tree,,1,elements,76334141.0,ns,242368
RustyTree Benchmarks,Macro Tree,,1,elements,79789911.0,ns,242909
RustyTree Benchmarks,Macro Tree,,1,elements,78614227.0,ns,243450
RustyTree Benchmarks,Macro Tree,,1,elements,75646616.0,ns,243991
RustyTree Benchmarks,Macro Tree,,1,elements,78699914.0,ns,244532
RustyTree Benchmarks,Macro Tree,,1,elements,74298633.0,ns,245073
RustyTree Benchmarks,Macro Tree,,1,elements,58734901.0,ns,245614
RustyTree Benchmarks,Macro Tree,,1,elements,72617097.0,ns,246155
RustyTree Benchmarks,Macro Tree,,1,elements,73379290.0,ns,246696
RustyTree Benchmarks,Macro Tree,,1,elements,74691358.0,ns,247237
RustyTree Benchmarks,Macro Tree,,1,elements,73382233.0,ns,247778
RustyTree Benchmarks,Macro Tree,,1,elements,74550630.0,ns,248319
RustyTree Benchmarks,Macro Tree,,1,elements,74305308.0,ns,248860
RustyTree Benchmarks,Macro Tree,,1,elements,84430859.0,ns,249401
RustyTree Benchmarks,Macro Tree,,1,elements,84760723.0,ns,249942
RustyTree Benchmarks,Macro Tree,,1,elements,86728235.0,ns,250483
RustyTree Benchmarks,Macro Tree,,1,elements,86879693.0,ns,251024
RustyTree Benchmarks,Macro Tree,,1,elements,73505276.0,ns,251565
RustyTree Benchmarks,Macro Tree,,1,elements,81121762.0,ns,252106
RustyTree Benchmarks,Macro Tree,,1,elements,79500409.0,ns,252647
RustyTree Benchmarks,Macro Tree,,1,elements,79653618.0,ns,253188
RustyTree Benchmarks,Macro Tree,,1,elements,78746081.0,ns,253729
RustyTree Benchmarks,Macro Tree,,1,elements,77080289.0,ns,254270
RustyTree Benchmarks,Macro Tree,,1,elements,87419350.0,ns,254811
RustyTree Benchmarks,Macro Tree,,1,elements,87357052.0,ns,255352
RustyTree Benchmarks,Macro Tree,,1,elements,87767683.0,ns,255893
RustyTree Benchmarks,Macro Tree,,1,elements,78892100.0,ns,256434
RustyTree Benchmarks,Macro Tree,,1,elements,83925445.0,ns,256975
RustyTree Benchmarks,Macro Tree,,1,elements,77284239.0,ns,257516
RustyTree Benchmarks,Macro Tree,,1,elements,79674512.0,ns,258057
RustyTree Benchmarks,Macro Tree,,1,elements,73593209.0,ns,258598
RustyTree Benchmarks,Macro Tree,,1,elements,74352737.0,ns,259139
RustyTree Benchmarks,Macro Tree,,1,elements,74224793.0,ns,259680
RustyTree Benchmarks,Macro Tree,,1,elements,76477742.0,ns,260221
RustyTree Benchmarks,Macro Tree,,1,elements,74723312.0,ns,260762
RustyTree Benchmarks,Macro Tree,,1,elements,73935587.0,ns,261303
RustyTree Benchmarks,Macro Tree,,1,elements,81636632.0,ns,261844
RustyTree Benchmarks,Macro Tree,,1,elements,87265572.0,ns,262385
RustyTree Benchmarks,Macro Tree,,1,elements,86386560.0,ns,262926
RustyTree Benchmarks,Macro Tree,,1,elements,88789351.0,ns,263467
RustyTree Benchmarks,Macro Tree,,1,elements,85569528.0,ns,264008
RustyTree Benchmarks,Macro Tree,,1,elements,86277883.0,ns,264549
RustyTree Benchmarks,Macro Tree,,1,elements,81167107.0,ns,265090
RustyTree Benchmarks,Macro Tree,,1,elements,79964445.0,ns,265631
RustyTree Benchmarks,Macro Tree,,1,elements,78171621.0,ns,266172
RustyTree Benchmarks,Macro Tree,,1,elements,84908561.0,ns,266713
RustyTree Benchmarks,Macro Tree,,1,elements,89056182.0,ns,267254
RustyTree Benchmarks,Macro Tree,,1,elements,87791466.0,ns,267795
RustyTree Benchmarks,Macro Tree,,1,elements,103812096.0,ns,268336
RustyTree Benchmarks,Macro Tree,,1,elements,87259618.0,ns,268877
RustyTree Benchmarks,Macro Tree,,1,elements,84407322.0,ns,269418
RustyTree Benchmarks,Macro Tree,,1,elements,81876625.0,ns,269959
RustyTree Benchmarks,Macro Tree,,1,elements,77643602.0,ns,270500
RustyTree Benchmarks,Macro Tree,,1,elements,78899856.0,ns,271041
RustyTree Benchmarks,Macro Tree,,1,elements,76951837.0,ns,271582
RustyTree Benchmarks,Macro Tree,,1,elements,81451866.0,ns,272123
RustyTree Benchmarks,Macro Tree,,1,elements,75799295.0,ns,272664
RustyTree Benchmarks,Macro Tree,,1,elements,77643301.0,ns,273205
RustyTree Benchmarks,Macro Tree,,1,elements,81276121.0,ns,273746
RustyTree Benchmarks,Macro Tree,,1,elements,96155500.0,ns,274287
RustyTree Benchmarks,Macro Tree,,1,elements,88142191.0,ns,274828
RustyTree Benchmarks,Macro Tree,,1,elements,89867266.0,ns,275369
RustyTree Benchmarks,Macro Tree,,1,elements,85180051.0,ns,275910
RustyTree Benchmarks,Macro Tree,,1,elements,81784962.0,ns,276451
RustyTree Benchmarks,Macro Tree,,1,elements,83531940.0,ns,276992
RustyTree Benchmarks,Macro Tree,,1,elements,81319859.0,ns,277533
RustyTree Benchmarks,Macro Tree,,1,elements,81045478.0,ns,278074
RustyTree Benchmarks,Macro Tree,,1,elements,100190268.0,ns,278615
RustyTree Benchmarks,Macro Tree,,1,elements,92094591.0,ns,279156
RustyTree Benchmarks,Macro Tree,,1,elements,91863278.0,ns,279697
RustyTree Benchmarks,Macro Tree,,1,elements,91483583.0,ns,280238
RustyTree Benchmarks,Macro Tree,,1,elements,85357056.0,ns,280779
RustyTree Benchmarks,Macro Tree,,1,elements,87919557.0,ns,281320
RustyTree Benchmarks,Macro Tree,,1,elements,83996751.0,ns,281861
RustyTree Benchmarks,Macro Tree,,1,elements,95141003.0,ns,282402
RustyTree Benchmarks,Macro Tree,,1,elements,80930518.0,ns,282943
RustyTree Benchmarks,Macro Tree,,1,elements,79195464.0,ns,283484
RustyTree Benchmarks,Macro Tree,,1,elements,79791213.0,ns,284025
RustyTree Benchmarks,Macro Tree,,1,elements,78667429.0,ns,284566
RustyTree Benchmarks,Macro Tree,,1,elements,92469164.0,ns,285107
RustyTree Benchmarks,Macro Tree,,1,elements,79776857.0,ns,285648
RustyTree Benchmarks,Macro Tree,,1,elements,83322008.0,ns,286189
RustyTree Benchmarks,Macro Tree,,1,elements,87478436.0,ns,286730
RustyTree Benchmarks,Macro Tree,,1,elements,87585981.0,ns,287271
RustyTree Benchmarks,Macro Tree,,1,elements,101452833.0,ns,287812
RustyTree Benchmarks,Macro Tree,,1,elements,88148194.0,ns,288353
RustyTree Benchmarks,Macro Tree,,1,elements,86010939.0,ns,288894
RustyTree Benchmarks,Macro Tree,,1,elements,82386289.0,ns,289435
RustyTree Benchmarks,Macro Tree,,1,elements,84290924.0,ns,289976
RustyTree Benchmarks,Macro Tree,,1,elements,105223188.0,ns,290517
RustyTree Benchmarks,Macro Tree,,1,elements,87081829.0,ns,291058
RustyTree Benchmarks,Macro Tree,,1,elements,89179125.0,ns,291599
RustyTree Benchmarks,Macro Tree,,1,elements,90060488.0,ns,292140
RustyTree Benchmarks,Macro Tree,,1,elements,105272045.0,ns,292681
RustyTree Benchmarks,Macro Tree,,1,elements,83107942.0,ns,293222
RustyTree Benchmarks,Macro Tree,,1,elements,81050554.0,ns,293763
RustyTree Benchmarks,Macro Tree,,1,elements,82692073.0,ns,294304
RustyTree Benchmarks,Macro Tree,,1,elements,99069515.0,ns,294845
RustyTree Benchmarks,Macro Tree,,1,elements,91286520.0,ns,295386
RustyTree Benchmarks,Macro Tree,,1,elements,90479127.0,ns,295927
RustyTree Benchmarks,Macro Tree,,1,elements,97858934.0,ns,296468
RustyTree Benchmarks,Macro Tree,,1,elements,81154562.0,ns,297009
RustyTree Benchmarks,Macro Tree,,1,elements,84645819.0,ns,297550
RustyTree Benchmarks,Macro Tree,,1,elements,85303341.0,ns,298091
RustyTree Benchmarks,Macro Tree,,1,elements,96233155.0,ns,298632
RustyTree Benchmarks,Macro Tree,,1,elements,82962239.0,ns,299173
RustyTree Benchmarks,Macro Tree,,1,elements,79109522.0,ns,299714
RustyTree Benchmarks,Macro Tree,,1,elements,98544741.0,ns,300255
RustyTree Benchmarks,Macro Tree,,1,elements,88552458.0,ns,300796
RustyTree Benchmarks,Macro Tree,,1,elements,92134987.0,ns,301337
RustyTree Benchmarks,Macro Tree,,1,elements,104318575.0,ns,301878
RustyTree Benchmarks,Macro Tree,,1,elements,91471240.0,ns,302419
RustyTree Benchmarks,Macro Tree,,1,elements,88467381.0,ns,302960
RustyTree Benchmarks,Macro Tree,,1,elements,102684250.0,ns,303501
RustyTree Benchmarks,Macro Tree,,1,elements,87517159.0,ns,304042
RustyTree Benchmarks,Macro Tree,,1,elements,88204081.0,ns,304583
RustyTree Benchmarks,Macro Tree,,1,elements,100872328.0,ns,305124
RustyTree Benchmarks,Macro Tree,,1,elements,80108540.0,ns,305665
RustyTree Benchmarks,Macro Tree,,1,elements,85179523.0,ns,306206
RustyTree Benchmarks,Macro Tree,,1,elements,98913515.0,ns,306747
RustyTree Benchmarks,Macro Tree,,1,elements,85554023.0,ns,307288
RustyTree Benchmarks,Macro Tree,,1,elements,84908809.0,ns,307829
RustyTree Benchmarks,Macro Tree,,1,elements,105516046.0,ns,308370
RustyTree Benchmarks,Macro Tree,,1,elements,90775780.0,ns,308911
RustyTree Benchmarks,Macro Tree,,1,elements,104456640.0,ns,309452
RustyTree Benchmarks,Macro Tree,,1,elements,90543443.0,ns,309993
RustyTree Benchmarks,Macro Tree,,1,elements,91092027.0,ns,310534
RustyTree Benchmarks,Macro Tree,,1,elements,101792176.0,ns,311075
RustyTree Benchmarks,Macro Tree,,1,elements,88158367.0,ns,311616
RustyTree Benchmarks,Macro Tree,,1,elements,86710812.0,ns,312157
RustyTree Benchmarks,Macro Tree,,1,elements,106604577.0,ns,312698
RustyTree Benchmarks,Macro Tree,,1,elements,96181763.0,ns,313239
RustyTree Benchmarks,Macro Tree,,1,elements,112086388.0,ns,313780
RustyTree Benchmarks,Macro Tree,,1,elements,96243045.0,ns,314321
RustyTree Benchmarks,Macro Tree,,1,elements,106002576.0,ns,314862
RustyTree Benchmarks,Macro Tree,,1,elements,91508553.0,ns,315403
RustyTree Benchmarks,Macro Tree,,1,elements,87142236.0,ns,315944
RustyTree Benchmarks,Macro Tree,,1,elements,100826580.0,ns,316485
RustyTree Benchmarks,Macro Tree,,1,elements,86488316.0,ns,317026
RustyTree Benchmarks,Macro Tree,,1,elements,108525554.0,ns,317567
RustyTree Benchmarks,Macro Tree,,1,elements,91829789.0,ns,318108
RustyTree Benchmarks,Macro Tree,,1,elements,103726190.0,ns,318649
RustyTree Benchmarks,Macro Tree,,1,elements,92310953.0,ns,319190
RustyTree Benchmarks,Macro Tree,,1,elements,104309186.0,ns,319731
RustyTree Benchmarks,Macro Tree,,1,elements,89380478.0,ns,320272
RustyTree Benchmarks,Macro Tree,,1,elements,114456117.0,ns,320813
RustyTree Benchmarks,Macro Tree,,1,elements,97145103.0,ns,321354
RustyTree Benchmarks,Macro Tree,,1,elements,87256758.0,ns,321895
RustyTree Benchmarks,Macro Tree,,1,elements,99995959.0,ns,322436
RustyTree Benchmarks,Macro Tree,,1,elements,95906113.0,ns,322977
RustyTree Benchmarks,Macro Tree,,1,elements,112633939.0,ns,323518
RustyTree Benchmarks,Macro Tree,,1,elements,101649210.0,ns,324059
RustyTree Benchmarks,Macro Tree,,1,elements,116522589.0,ns,324600
RustyTree Benchmarks,Macro Tree,,1,elements,92666210.0,ns,325141
RustyTree Benchmarks,Macro Tree,,1,elements,107206727.0,ns,325682
RustyTree Benchmarks,Macro Tree,,1,elements,96997319.0,ns,326223
RustyTree Benchmarks,Macro Tree,,1,elements,109069064.0,ns,326764
RustyTree Benchmarks,Macro Tree,,1,elements,91083575.0,ns,327305
RustyTree Benchmarks,Macro Tree,,1,elements,98565101.0,ns,327846
RustyTree Benchmarks,Macro Tree,,1,elements,85086453.0,ns,328387
RustyTree Benchmarks,Macro Tree,,1,elements,100148971.0,ns,328928
RustyTree Benchmarks,Macro Tree,,1,elements,89624899.0,ns,329469
RustyTree Benchmarks,Macro Tree,,1,elements,113649103.0,ns,330010
RustyTree Benchmarks,Macro Tree,,1,elements,114676886.0,ns,330551
RustyTree Benchmarks,Macro Tree,,1,elements,100541191.0,ns,331092
RustyTree Benchmarks,Macro Tree,,1,elements,115300646.0,ns,331633
RustyTree Benchmarks,Macro Tree,,1,elements,93220354.0,ns,332174
RustyTree Benchmarks,Macro Tree,,1,elements,103043355.0,ns,332715
RustyTree Benchmarks,Macro Tree,,1,elements,93435187.0,ns,333256
RustyTree Benchmarks,Macro Tree,,1,elements,101539278.0,ns,333797
RustyTree Benchmarks,Macro Tree,,1,elements,100751717.0,ns,334338
RustyTree Benchmarks,Macro Tree,,1,elements,114843890.0,ns,334879
RustyTree Benchmarks,Macro Tree,,1,elements,113605833.0,ns,335420
RustyTree Benchmarks,Macro Tree,,1,elements,96235265.0,ns,335961
RustyTree Benchmarks,Macro Tree,,1,elements,104448080.0,ns,336502
RustyTree Benchmarks,Macro Tree,,1,elements,87100963.0,ns,337043
RustyTree Benchmarks,Macro Tree,,1,elements,98731168.0,ns,337584
RustyTree Benchmarks,Macro Tree,,1,elements,99647005.0,ns,338125
RustyTree Benchmarks,Macro Tree,,1,elements,94422670.0,ns,338666
RustyTree Benchmarks,Macro Tree,,1,elements,109578049.0,ns,339207
RustyTree Benchmarks,Macro Tree,,1,elements,96824909.0,ns,339748
RustyTree Benchmarks,Macro Tree,,1,elements,104519461.0,ns,340289
RustyTree Benchmarks,Macro Tree,,1,elements,101645612.0,ns,340830
RustyTree Benchmarks,Macro Tree,,1,elements,88961254.0,ns,341371
RustyTree Benchmarks,Macro Tree,,1,elements,99907682.0,ns,341912
RustyTree Benchmarks,Macro Tree,,1,elements,99538210.0,ns,342453
RustyTree Benchmarks,Macro Tree,,1,elements,86621574.0,ns,342994
RustyTree Benchmarks,Macro Tree,,1,elements,103042234.0,ns,343535
RustyTree Benchmarks,Macro Tree,,1,elements,88373795.0,ns,344076
RustyTree Benchmarks,Macro Tree,,1,elements,102138183.0,ns,344617
RustyTree Benchmarks,Macro Tree,,1,elements,102727760.0,ns,345158
RustyTree Benchmarks,Macro Tree,,1,elements,91027775.0,ns,345699
RustyTree Benchmarks,Macro Tree,,1,elements,105941737.0,ns,346240
RustyTree Benchmarks,Macro Tree,,1,elements,104848151.0,ns,346781
RustyTree Benchmarks,Macro Tree,,1,elements,90593961.0,ns,347322
RustyTree Benchmarks,Macro Tree,,1,elements,108963809.0,ns,347863
RustyTree Benchmarks,Macro Tree,,1,elements,112763174.0,ns,348404
RustyTree Benchmarks,Macro Tree,,1,elements,88136933.0,ns,348945
RustyTree Benchmarks,Macro Tree,,1,elements,106266570.0,ns,349486
RustyTree Benchmarks,Macro Tree,,1,elements,100693794.0,ns,350027
RustyTree Benchmarks,Macro Tree,,1,elements,101907195.0,ns,350568
RustyTree Benchmarks,Macro Tree,,1,elements,93604781.0,ns,351109
RustyTree Benchmarks,Macro Tree,,1,elements,107893844.0,ns,351650
RustyTree Benchmarks,Macro Tree,,1,elements,99838673.0,ns,352191
RustyTree Benchmarks,Macro Tree,,1,elements,88045905.0,ns,352732
RustyTree Benchmarks,Macro Tree,,1,elements,101481565.0,ns,353273
RustyTree Benchmarks,Macro Tree,,1,elements,102418229.0,ns,353814
RustyTree Benchmarks,Macro Tree,,1,elements,104355884.0,ns,354355
RustyTree Benchmarks,Macro Tree,,1,elements,95232216.0,ns,354896
RustyTree Benchmarks,Macro Tree,,1,elements,108222810.0,ns,355437
RustyTree Benchmarks,Macro Tree,,1,elements,113179498.0,ns,355978
RustyTree Benchmarks,Macro Tree,,1,elements,97416174.0,ns,356519
RustyTree Benchmarks,Macro Tree,,1,elements,112521200.0,ns,357060
RustyTree Benchmarks,Macro Tree,,1,elements,104967811.0,ns,357601
RustyTree Benchmarks,Macro Tree,,1,elements,112359639.0,ns,358142
RustyTree Benchmarks,Macro Tree,,1,elements,93540259.0,ns,358683
RustyTree Benchmarks,Macro Tree,,1,elements,109116273.0,ns,359224
RustyTree Benchmarks,Macro Tree,,1,elements,109658662.0,ns,359765
RustyTree Benchmarks,Macro Tree,,1,elements,106411550.0,ns,360306
RustyTree Benchmarks,Macro Tree,,1,elements,108564838.0,ns,360847
RustyTree Benchmarks,Macro Tree,,1,elements,89479352.0,ns,361388
RustyTree Benchmarks,Macro Tree,,1,elements,107097448.0,ns,361929
RustyTree Benchmarks,Macro Tree,,1,elements,105561968.0,ns,362470
RustyTree Benchmarks,Macro Tree,,1,elements,108595784.0,ns,363011
RustyTree Benchmarks,Macro Tree,,1,elements,96962711.0,ns,363552
RustyTree Benchmarks,Macro Tree,,1,elements,104185676.0,ns,364093
RustyTree Benchmarks,Macro Tree,,1,elements,105324777.0,ns,364634
RustyTree Benchmarks,Macro Tree,,1,elements,112198432.0,ns,365175
RustyTree Benchmarks,Macro Tree,,1,elements,112450215.0,ns,365716
RustyTree Benchmarks,Macro Tree,,1,elements,109168527.0,ns,366257
RustyTree Benchmarks,Macro Tree,,1,elements,99371895.0,ns,366798
RustyTree Benchmarks,Macro Tree,,1,elements,113889963.0,ns,367339
RustyTree Benchmarks,Macro Tree,,1,elements,117090131.0,ns,367880
RustyTree Benchmarks,Macro Tree,,1,elements,115001505.0,ns,368421
RustyTree Benchmarks,Macro Tree,,1,elements,117009581.0,ns,368962
RustyTree Benchmarks,Macro Tree,,1,elements,112909068.0,ns,369503
RustyTree Benchmarks,Macro Tree,,1,elements,93481932.0,ns,370044
RustyTree Benchmarks,Macro Tree,,1,elements,102498116.0,ns,370585
RustyTree Benchmarks,Macro Tree,,1,elements,111478921.0,ns,371126
RustyTree Benchmarks,Macro Tree,,1,elements,109048019.0,ns,371667
RustyTree Benchmarks,Macro Tree,,1,elements,110934193.0,ns,372208
RustyTree Benchmarks,Macro Tree,,1,elements,110438564.0,ns,372749
RustyTree Benchmarks,Macro Tree,,1,elements,108194412.0,ns,373290
RustyTree Benchmarks,Macro Tree,,1,elements,92608556.0,ns,373831
RustyTree Benchmarks,Macro Tree,,1,elements,104823557.0,ns,374372
RustyTree Benchmarks,Macro Tree,,1,elements,106248705.0,ns,374913
RustyTree Benchmarks,Macro Tree,,1,elements,114165516.0,ns,375454
RustyTree Benchmarks,Macro Tree,,1,elements,113195242.0,ns,375995
RustyTree Benchmarks,Macro Tree,,1,elements,114577432.0,ns,376536
RustyTree Benchmarks,Macro Tree,,1,elements,116272377.0,ns,377077
RustyTree Benchmarks,Macro Tree,,1,elements,109322103.0,ns,377618
RustyTree Benchmarks,Macro Tree,,1,elements,114919107.0,ns,378159
RustyTree Benchmarks,Macro Tree,,1,elements,99715819.0,ns,378700
RustyTree Benchmarks,Macro Tree,,1,elements,117787555.0,ns,379241
RustyTree Benchmarks,Macro Tree,,1,elements,117404285.0,ns,379782
RustyTree Benchmarks,Macro Tree,,1,elements,111504483.0,ns,380323
RustyTree Benchmarks,Macro Tree,,1,elements,107387930.0,ns,380864
RustyTree Benchmarks,Macro Tree,,1,elements,106583676.0,ns,381405
RustyTree Benchmarks,Macro Tree,,1,elements,109745821.0,ns,381946
RustyTree Benchmarks,Macro Tree,,1,elements,111413497.0,ns,382487
RustyTree Benchmarks,Macro Tree,,1,elements,112237906.0,ns,383028
RustyTree Benchmarks,Macro Tree,,1,elements,105408979.0,ns,383569
RustyTree Benchmarks,Macro Tree,,1,elements,111178926.0,ns,384110
RustyTree Benchmarks,Macro Tree,,1,elements,112000844.0,ns,384651
RustyTree Benchmarks,Macro Tree,,1,elements,115964076.0,ns,385192
RustyTree Benchmarks,Macro Tree,,1,elements,115843834.0,ns,385733
RustyTree Benchmarks,Macro Tree,,1,elements,112901750.0,ns,386274
RustyTree Benchmarks,Macro Tree,,1,elements,113017011.0,ns,386815
RustyTree Benchmarks,Macro Tree,,1,elements,117712333.0,ns,387356
RustyTree Benchmarks,Macro Tree,,1,elements,115532280.0,ns,387897
RustyTree Benchmarks,Macro Tree,,1,elements,116951067.0,ns,388438
RustyTree Benchmarks,Macro Tree,,1,elements,126938948.0,ns,388979
RustyTree Benchmarks,Macro Tree,,1,elements,125052886.0,ns,389520
RustyTree Benchmarks,Macro Tree,,1,elements,114760102.0,ns,390061
RustyTree Benchmarks,Macro Tree,,1,elements,111712208.0,ns,390602
RustyTree Benchmarks,Macro Tree,,1,elements,106458209.0,ns,391143
RustyTree Benchmarks,Macro Tree,,1,elements,111440219.0,ns,391684
RustyTree Benchmarks,Macro Tree,,1,elements,112163446.0,ns,392225
RustyTree Benchmarks,Macro Tree,,1,elements,113993741.0,ns,392766
RustyTree Benchmarks,Macro Tree,,1,elements,110216699.0,ns,393307
RustyTree Benchmarks,Macro Tree,,1,elements,109170602.0,ns,393848
RustyTree Benchmarks,Macro Tree,,1,elements,114503058.0,ns,394389
RustyTree Benchmarks,Macro Tree,,1,elements,110985539.0,ns,394930
RustyTree Benchmarks,Macro Tree,,1,elements,116237884.0,ns,395471
RustyTree Benchmarks,Macro Tree,,1,elements,126401583.0,ns,396012
RustyTree Benchmarks,Macro Tree,,1,elements,113875104.0,ns,396553
RustyTree Benchmarks,Macro Tree,,1,elements,116702260.0,ns,397094
RustyTree Benchmarks,Macro Tree,,1,elements,112303475.0,ns,397635
RustyTree Benchmarks,Macro Tree,,1,elements,114516852.0,ns,398176
RustyTree Benchmarks,Macro Tree,,1,elements,114436657.0,ns,398717
RustyTree Benchmarks,Macro Tree,,1,elements,110701172.0,ns,399258
RustyTree Benchmarks,Macro Tree,,1,elements,113898601.0,ns,399799
RustyTree Benchmarks,Macro Tree,,1,elements,108469334.0,ns,400340
RustyTree Benchmarks,Macro Tree,,1,elements,111283517.0,ns,400881
RustyTree Benchmarks,Macro Tree,,1,elements,109783390.0,ns,401422
RustyTree Benchmarks,Macro Tree,,1,elements,126804313.0,ns,401963
RustyTree Benchmarks,Macro Tree,,1,elements,113356466.0,ns,402504
RustyTree Benchmarks,Macro Tree,,1,elements,112544568.0,ns,403045
RustyTree Benchmarks,Macro Tree,,1,elements,113891259.0,ns,403586
RustyTree Benchmarks,Macro Tree,,1,elements,116614192.0,ns,404127
RustyTree Benchmarks,Macro Tree,,1,elements,115092516.0,ns,404668
RustyTree Benchmarks,Macro Tree,,1,elements,116932698.0,ns,405209
RustyTree Benchmarks,Macro Tree,,1,elements,116091733.0,ns,405750
RustyTree Benchmarks,Macro Tree,,1,elements,110112675.0,ns,406291
RustyTree Benchmarks,Macro Tree,,1,elements,123487176.0,ns,406832
RustyTree Benchmarks,Macro Tree,,1,elements,110570443.0,ns,407373
RustyTree Benchmarks,Macro Tree,,1,elements,109612671.0,ns,407914
RustyTree Benchmarks,Macro Tree,,1,elements,114535481.0,ns,408455
RustyTree Benchmarks,Macro Tree,,1,elements,110840581.0,ns,408996
RustyTree Benchmarks,Macro Tree,,1,elements,108758674.0,ns,409537
RustyTree Benchmarks,Macro Tree,,1,elements,109871920.0,ns,410078
RustyTree Benchmarks,Macro Tree,,1,elements,129950460.0,ns,410619
RustyTree Benchmarks,Macro Tree,,1,elements,118011835.0,ns,411160
RustyTree Benchmarks,Macro Tree,,1,elements,119370684.0,ns,411701
RustyTree Benchmarks,Macro Tree,,1,elements,125202777.0,ns,412242
RustyTree Benchmarks,Macro Tree,,1,elements,133286557.0,ns,412783
RustyTree Benchmarks,Macro Tree,,1,elements,131917285.0,ns,413324
RustyTree Benchmarks,Macro Tree,,1,elements,144012732.0,ns,413865
RustyTree Benchmarks,Macro Tree,,1,elements,132966042.0,ns,414406
RustyTree Benchmarks,Macro Tree,,1,elements,132756816.0,ns,414947
RustyTree Benchmarks,Macro Tree,,1,elements,127671091.0,ns,415488
RustyTree Benchmarks,Macro Tree,,1,elements,125087960.0,ns,416029
RustyTree Benchmarks,Macro Tree,,1,elements,144669721.0,ns,416570
RustyTree Benchmarks,Macro Tree,,1,elements,129312003.0,ns,417111
RustyTree Benchmarks,Macro Tree,,1,elements,125902581.0,ns,417652
RustyTree Benchmarks,Macro Tree,,1,elements,124881616.0,ns,418193
RustyTree Benchmarks,Macro Tree,,1,elements,126325092.0,ns,418734
RustyTree Benchmarks,Macro Tree,,1,elements,141201369.0,ns,419275
RustyTree Benchmarks,Macro Tree,,1,elements,118793088.0,ns,419816
RustyTree Benchmarks,Macro Tree,,1,elements,123027340.0,ns,420357
RustyTree Benchmarks,Macro Tree,,1,elements,129762918.0,ns,420898
RustyTree Benchmarks,Macro Tree,,1,elements,140976131.0,ns,421439
RustyTree Benchmarks,Macro Tree,,1,elements,135234597.0,ns,421980
RustyTree Benchmarks,Macro Tree,,1,elements,130194478.0,ns,422521
RustyTree Benchmarks,Macro Tree,,1,elements,132975307.0,ns,423062
RustyTree Benchmarks,Macro Tree,,1,elements,142520980.0,ns,423603
RustyTree Benchmarks,Macro Tree,,1,elements,124767400.0,ns,424144
RustyTree Benchmarks,Macro Tree,,1,elements,130852504.0,ns,424685
RustyTree Benchmarks,Macro Tree,,1,elements,126594016.0,ns,425226
RustyTree Benchmarks,Macro Tree,,1,elements,145674400.0,ns,425767
RustyTree Benchmarks,Macro Tree,,1,elements,130328472.0,ns,426308
RustyTree Benchmarks,Macro Tree,,1,elements,127027174.0,ns,426849
RustyTree Benchmarks,Macro Tree,,1,elements,145324521.0,ns,427390
RustyTree Benchmarks,Macro Tree,,1,elements,126350262.0,ns,427931
RustyTree Benchmarks,Macro Tree,,1,elements,113234691.0,ns,428472
RustyTree Benchmarks,Macro Tree,,1,elements,129324944.0,ns,429013
RustyTree Benchmarks,Macro Tree,,1,elements,150497817.0,ns,429554
RustyTree Benchmarks,Macro Tree,,1,elements,135121184.0,ns,430095
RustyTree Benchmarks,Macro Tree,,1,elements,131497103.0,ns,430636
RustyTree Benchmarks,Macro Tree,,1,elements,155225159.0,ns,431177
RustyTree Benchmarks,Macro Tree,,1,elements,148112524.0,ns,431718
RustyTree Benchmarks,Macro Tree,,1,elements,127336724.0,ns,432259
RustyTree Benchmarks,Macro Tree,,1,elements,143607569.0,ns,432800
RustyTree Benchmarks,Macro Tree,,1,elements,133992585.0,ns,433341
RustyTree Benchmarks,Macro Tree,,1,elements,129797033.0,ns,433882
RustyTree Benchmarks,Macro Tree,,1,elements,142604875.0,ns,434423
RustyTree Benchmarks,Macro Tree,,1,elements,129495029.0,ns,434964
RustyTree Benchmarks,Macro Tree,,1,elements,128001782.0,ns,435505
RustyTree Benchmarks,Macro Tree,,1,elements,134743622.0,ns,436046
RustyTree Benchmarks,Macro Tree,,1,elements,122583019.0,ns,436587
RustyTree Benchmarks,Macro Tree,,1,elements,129610210.0,ns,437128
RustyTree Benchmarks,Macro Tree,,1,elements,147259467.0,ns,437669
RustyTree Benchmarks,Macro Tree,,1,elements,134067051.0,ns,438210
RustyTree Benchmarks,Macro Tree,,1,elements,152022826.0,ns,438751
RustyTree Benchmarks,Macro Tree,,1,elements,130069688.0,ns,439292
RustyTree Benchmarks,Macro Tree,,1,elements,132653565.0,ns,439833
RustyTree Benchmarks,Macro Tree,,1,elements,139022878.0,ns,440374
RustyTree Benchmarks,Macro Tree,,1,elements,130869547.0,ns,440915
RustyTree Benchmarks,Macro Tree,,1,elements,131027177.0,ns,441456
RustyTree Benchmarks,Macro Tree,,1,elements,148466348.0,ns,441997
RustyTree Benchmarks,Macro Tree,,1,elements,137881470.0,ns,442538
RustyTree Benchmarks,Macro Tree,,1,elements,148718393.0,ns,443079
RustyTree Benchmarks,Macro Tree,,1,elements,136486591.0,ns,443620
RustyTree Benchmarks,Macro Tree,,1,elements,132158072.0,ns,444161
RustyTree Benchmarks,Macro Tree,,1,elements,137434183.0,ns,444702
RustyTree Benchmarks,Macro Tree,,1,elements,136447968.0,ns,445243
RustyTree Benchmarks,Macro Tree,,1,elements,154543844.0,ns,445784
RustyTree Benchmarks,Macro Tree,,1,elements,135193999.0,ns,446325
RustyTree Benchmarks,Macro Tree,,1,elements,159173916.0,ns,446866
RustyTree Benchmarks,Macro Tree,,1,elements,138568019.0,ns,447407
RustyTree Benchmarks,Macro Tree,,1,elements,160912700.0,ns,447948
RustyTree Benchmarks,Macro Tree,,1,elements,162014436.0,ns,448489
RustyTree Benchmarks,Macro Tree,,1,elements,130427045.0,ns,449030
RustyTree Benchmarks,Macro Tree,,1,elements,150662966.0,ns,449571
RustyTree Benchmarks,Macro Tree,,1,elements,138683991.0,ns,450112
RustyTree Benchmarks,Macro Tree,,1,elements,150707048.0,ns,450653
RustyTree Benchmarks,Macro Tree,,1,elements,134975410.0,ns,451194
RustyTree Benchmarks,Macro Tree,,1,elements,144963836.0,ns,451735
RustyTree Benchmarks,Macro Tree,,1,elements,149643117.0,ns,452276
RustyTree Benchmarks,Macro Tree,,1,elements,165999107.0,ns,452817
RustyTree Benchmarks,Macro Tree,,1,elements,138592967.0,ns,453358
RustyTree Benchmarks,Macro Tree,,1,elements,158825563.0,ns,453899
RustyTree Benchmarks,Macro Tree,,1,elements,147212586.0,ns,454440
RustyTree Benchmarks,Macro Tree,,1,elements,149744825.0,ns,454981
RustyTree Benchmarks,Macro Tree,,1,elements,136231249.0,ns,455522
RustyTree Benchmarks,Macro Tree,,1,elements,171996818.0,ns,456063
RustyTree Benchmarks,Macro Tree,,1,elements,138134048.0,ns,456604
RustyTree Benchmarks,Macro Tree,,1,elements,152682580.0,ns,457145
RustyTree Benchmarks,Macro Tree,,1,elements,136511738.0,ns,457686
RustyTree Benchmarks,Macro Tree,,1,elements,149634028.0,ns,458227
RustyTree Benchmarks,Macro Tree,,1,elements,135216717.0,ns,458768
RustyTree Benchmarks,Macro Tree,,1,elements,156463186.0,ns,459309
RustyTree Benchmarks,Macro Tree,,1,elements,142096577.0,ns,459850
RustyTree Benchmarks,Macro Tree,,1,elements,158129797.0,ns,460391
RustyTree Benchmarks,Macro Tree,,1,elements,140313510.0,ns,460932
RustyTree Benchmarks,Macro Tree,,1,elements,190899477.0,ns,461473
RustyTree Benchmarks,Macro Tree,,1,elements,162843823.0,ns,462014
RustyTree Benchmarks,Macro Tree,,1,elements,150103673.0,ns,462555
RustyTree Benchmarks,Macro Tree,,1,elements,162164611.0,ns,463096
RustyTree Benchmarks,Macro Tree,,1,elements,145169513.0,ns,463637
RustyTree Benchmarks,Macro Tree,,1,elements,152067207.0,ns,464178
RustyTree Benchmarks,Macro Tree,,1,elements,138812240.0,ns,464719
RustyTree Benchmarks,Macro Tree,,1,elements,154524541.0,ns,465260
RustyTree Benchmarks,Macro Tree,,1,elements,148201021.0,ns,465801
RustyTree Benchmarks,Macro Tree,,1,elements,133517132.0,ns,466342
RustyTree Benchmarks,Macro Tree,,1,elements,158681717.0,ns,466883
RustyTree Benchmarks,Macro Tree,,1,elements,148566535.0,ns,467424
RustyTree Benchmarks,Macro Tree,,1,elements,157705193.0,ns,467965
RustyTree Benchmarks,Macro Tree,,1,elements,149054767.0,ns,468506
RustyTree Benchmarks,Macro Tree,,1,elements,158062172.0,ns,469047
RustyTree Benchmarks,Macro Tree,,1,elements,156250573.0,ns,469588
RustyTree Benchmarks,Macro Tree,,1,elements,152016357.0,ns,470129
RustyTree Benchmarks,Macro Tree,,1,elements,144701687.0,ns,470670
RustyTree Benchmarks,Macro Tree,,1,elements,161323738.0,ns,471211
RustyTree Benchmarks,Macro Tree,,1,elements,141960025.0,ns,471752
RustyTree Benchmarks,Macro Tree,,1,elements,157667654.0,ns,472293
RustyTree Benchmarks,Macro Tree,,1,elements,136770527.0,ns,472834
RustyTree Benchmarks,Macro Tree,,1,elements,148382707.0,ns,473375
RustyTree Benchmarks,Macro Tree,,1,elements,161041132.0,ns,473916
RustyTree Benchmarks,Macro Tree,,1,elements,145949658.0,ns,474457
RustyTree Benchmarks,Macro Tree,,1,elements,166454995.0,ns,474998
RustyTree Benchmarks,Macro Tree,,1,elements,171148100.0,ns,475539
RustyTree Benchmarks,Macro Tree,,1,elements,149269416.0,ns,476080
RustyTree Benchmarks,Macro Tree,,1,elements,145740279.0,ns,476621
RustyTree Benchmarks,Macro Tree,,1,elements,163565060.0,ns,477162
RustyTree Benchmarks,Macro Tree,,1,elements,155835861.0,ns,477703
RustyTree Benchmarks,Macro Tree,,1,elements,155225299.0,ns,478244
RustyTree Benchmarks,Macro Tree,,1,elements,152766325.0,ns,478785
RustyTree Benchmarks,Macro Tree,,1,elements,144032724.0,ns,479326
RustyTree Benchmarks,Macro Tree,,1,elements,150216890.0,ns,479867
RustyTree Benchmarks,Macro Tree,,1,elements,151984715.0,ns,480408
RustyTree Benchmarks,Macro Tree,,1,elements,171892904.0,ns,480949
RustyTree Benchmarks,Macro Tree,,1,elements,146359290.0,ns,481490
RustyTree Benchmarks,Macro Tree,,1,elements,173167046.0,ns,482031
RustyTree Benchmarks,Macro Tree,,1,elements,164639619.0,ns,482572
RustyTree Benchmarks,Macro Tree,,1,elements,194062394.0,ns,483113
RustyTree Benchmarks,Macro Tree,,1,elements,197165052.0,ns,483654
RustyTree Benchmarks,Macro Tree,,1,elements,192676324.0,ns,484195
RustyTree Benchmarks,Macro Tree,,1,elements,165143001.0,ns,484736
RustyTree Benchmarks,Macro Tree,,1,elements,178118782.0,ns,485277
RustyTree Benchmarks,Macro Tree,,1,elements,154867385.0,ns,485818
RustyTree Benchmarks,Macro Tree,,1,elements,162261719.0,ns,486359
RustyTree Benchmarks,Macro Tree,,1,elements,136539760.0,ns,486900
RustyTree Benchmarks,Macro Tree,,1,elements,149229461.0,ns,487441
RustyTree Benchmarks,Macro Tree,,1,elements,155124305.0,ns,487982
RustyTree Benchmarks,Macro Tree,,1,elements,187075491.0,ns,488523
RustyTree Benchmarks,Macro Tree,,1,elements,137468309.0,ns,489064
RustyTree Benchmarks,Macro Tree,,1,elements,171018102.0,ns,489605
RustyTree Benchmarks,Macro Tree,,1,elements,172068059.0,ns,490146
RustyTree Benchmarks,Macro Tree,,1,elements,159987508.0,ns,490687
RustyTree Benchmarks,Macro Tree,,1,elements,171498500.0,ns,491228
RustyTree Benchmarks,Macro Tree,,1,elements,148421219.0,ns,491769
RustyTree Benchmarks,Macro Tree,,1,elements,164412832.0,ns,492310
RustyTree Benchmarks,Macro Tree,,1,elements,159329326.0,ns,492851
RustyTree Benchmarks,Macro Tree,,1,elements,148213704.0,ns,493392
RustyTree Benchmarks,Macro Tree,,1,elements,146584672.0,ns,493933
RustyTree Benchmarks,Macro Tree,,1,elements,145283996.0,ns,494474
RustyTree Benchmarks,Macro Tree,,1,elements,160927663.0,ns,495015
RustyTree Benchmarks,Macro Tree,,1,elements,163265981.0,ns,495556
RustyTree Benchmarks,Macro Tree,,1,elements,163077113.0,ns,496097
RustyTree Benchmarks,Macro Tree,,1,elements,151159401.0,ns,496638
RustyTree Benchmarks,Macro Tree,,1,elements,133662839.0,ns,497179
RustyTree Benchmarks,Macro Tree,,1,elements,165256561.0,ns,497720
RustyTree Benchmarks,Macro Tree,,1,elements,157850453.0,ns,498261
RustyTree Benchmarks,Macro Tree,,1,elements,158420212.0,ns,498802
RustyTree Benchmarks,Macro Tree,,1,elements,161313360.0,ns,499343
RustyTree Benchmarks,Macro Tree,,1,elements,158899166.0,ns,499884
RustyTree Benchmarks,Macro Tree,,1,elements,137520252.0,ns,500425
RustyTree Benchmarks,Macro Tree,,1,elements,157497322.0,ns,500966
RustyTree Benchmarks,Macro Tree,,1,elements,166194867.0,ns,501507
RustyTree Benchmarks,Macro Tree,,1,elements,574626448.0,ns,502048
RustyTree Benchmarks,Macro Tree,,1,elements,228935128.0,ns,502589
RustyTree Benchmarks,Macro Tree,,1,elements,173513091.0,ns,503130
RustyTree Benchmarks,Macro Tree,,1,elements,152941255.0,ns,503671
RustyTree Benchmarks,Macro Tree,,1,elements,139626795.0,ns,504212
RustyTree Benchmarks,Macro Tree,,1,elements,157037313.0,ns,504753
RustyTree Benchmarks,Macro Tree,,1,elements,146435930.0,ns,505294
RustyTree Benchmarks,Macro Tree,,1,elements,142570113.0,ns,505835
RustyTree Benchmarks,Macro Tree,,1,elements,151916273.0,ns,506376
RustyTree Benchmarks,Macro Tree,,1,elements,161757792.0,ns,506917
RustyTree Benchmarks,Macro Tree,,1,elements,168229723.0,ns,507458
RustyTree Benchmarks,Macro Tree,,1,elements,166704840.0,ns,507999
RustyTree Benchmarks,Macro Tree,,1,elements,172067595.0,ns,508540
RustyTree Benchmarks,Macro Tree,,1,elements,169433811.0,ns,509081
RustyTree Benchmarks,Macro Tree,,1,elements,143302340.0,ns,509622
RustyTree Benchmarks,Macro Tree,,1,elements,165835156.0,ns,510163
RustyTree Benchmarks,Macro Tree,,1,elements,163900950.0,ns,510704
RustyTree Benchmarks,Macro Tree,,1,elements,164204641.0,ns,511245
RustyTree Benchmarks,Macro Tree,,1,elements,166202145.0,ns,511786
RustyTree Benchmarks,Macro Tree,,1,elements,146794541.0,ns,512327
RustyTree Benchmarks,Macro Tree,,1,elements,158584742.0,ns,512868
RustyTree Benchmarks,Macro Tree,,1,elements,172285728.0,ns,513409
RustyTree Benchmarks,Macro Tree,,1,elements,169820766.0,ns,513950
RustyTree Benchmarks,Macro Tree,,1,elements,169767286.0,ns,514491
RustyTree Benchmarks,Macro Tree,,1,elements,172309588.0,ns,515032
RustyTree Benchmarks,Macro Tree,,1,elements,154237082.0,ns,515573
RustyTree Benchmarks,Macro Tree,,1,elements,156460758.0,ns,516114
RustyTree Benchmarks,Macro Tree,,1,elements,163849364.0,ns,516655
RustyTree Benchmarks,Macro Tree,,1,elements,169559357.0,ns,517196
RustyTree Benchmarks,Macro Tree,,1,elements,173640882.0,ns,517737
RustyTree Benchmarks,Macro Tree,,1,elements,177637144.0,ns,518278
RustyTree Benchmarks,Macro Tree,,1,elements,190756263.0,ns,518819
RustyTree Benchmarks,Macro Tree,,1,elements,161689837.0,ns,519360
RustyTree Benchmarks,Macro Tree,,1,elements,154633702.0,ns,519901
RustyTree Benchmarks,Macro Tree,,1,elements,148247647.0,ns,520442
RustyTree Benchmarks,Macro Tree,,1,elements,172084942.0,ns,520983
RustyTree Benchmarks,Macro Tree,,1,elements,167487851.0,ns,521524
RustyTree Benchmarks,Macro Tree,,1,elements,151390752.0,ns,522065
RustyTree Benchmarks,Macro Tree,,1,elements,158373759.0,ns,522606
RustyTree Benchmarks,Macro Tree,,1,elements,166328176.0,ns,523147
RustyTree Benchmarks,Macro Tree,,1,elements,167539772.0,ns,523688
RustyTree Benchmarks,Macro Tree,,1,elements,164420198.0,ns,524229
RustyTree Benchmarks,Macro Tree,,1,elements,167982635.0,ns,524770
RustyTree Benchmarks,Macro Tree,,1,elements,162624700.0,ns,525311
RustyTree Benchmarks,Macro Tree,,1,elements,161690526.0,ns,525852
RustyTree Benchmarks,Macro Tree,,1,elements,171105616.0,ns,526393
RustyTree Benchmarks,Macro Tree,,1,elements,169409521.0,ns,526934
RustyTree Benchmarks,Macro Tree,,1,elements,169481370.0,ns,527475
RustyTree Benchmarks,Macro Tree,,1,elements,186688554.0,ns,528016
RustyTree Benchmarks,Macro Tree,,1,elements,157867505.0,ns,528557
RustyTree Benchmarks,Macro Tree,,1,elements,176011653.0,ns,529098
RustyTree Benchmarks,Macro Tree,,1,elements,169570079.0,ns,529639
RustyTree Benchmarks,Macro Tree,,1,elements,170490135.0,ns,530180
RustyTree Benchmarks,Macro Tree,,1,elements,188825096.0,ns,530721
RustyTree Benchmarks,Macro Tree,,1,elements,172945646.0,ns,531262
RustyTree Benchmarks,Macro Tree,,1,elements,149731213.0,ns,531803
RustyTree Benchmarks,Macro Tree,,1,elements,157932872.0,ns,532344
RustyTree Benchmarks,Macro Tree,,1,elements,160019595.0,ns,532885
RustyTree Benchmarks,Macro Tree,,1,elements,153952404.0,ns,533426
RustyTree Benchmarks,Macro Tree,,1,elements,157933347.0,ns,533967
RustyTree Benchmarks,Macro Tree,,1,elements,177699943.0,ns,534508
RustyTree Benchmarks,Macro Tree,,1,elements,160782335.0,ns,535049
RustyTree Benchmarks,Macro Tree,,1,elements,156196324.0,ns,535590
RustyTree Benchmarks,Macro Tree,,1,elements,186360311.0,ns,536131
RustyTree Benchmarks,Macro Tree,,1,elements,165308782.0,ns,536672
RustyTree Benchmarks,Macro Tree,,1,elements,171319330.0,ns,537213
RustyTree Benchmarks,Macro Tree,,1,elements,173438086.0,ns,537754
RustyTree Benchmarks,Macro Tree,,1,elements,167107550.0,ns,538295
RustyTree Benchmarks,Macro Tree,,1,elements,172865712.0,ns,538836
RustyTree Benchmarks,Macro Tree,,1,elements,174236532.0,ns,539377
RustyTree Benchmarks,Macro Tree,,1,elements,186803062.0,ns,539918
RustyTree Benchmarks,Macro Tree,,1,elements,177059047.0,ns,540459
RustyTree Benchmarks,Macro Tree,,1,elements,165332791.0,ns,541000
