{"mean":{"confidence_interval":{"confidence_level":0.95,"lower_bound":214017.53576443033,"upper_bound":221763.02868270557},"point_estimate":217883.25748399372,"standard_error":1974.456914381952},"median":{"confidence_interval":{"confidence_level":0.95,"lower_bound":213981.8266546039,"upper_bound":222842.3962768301},"point_estimate":218132.28147570338,"standard_error":2346.279966861203},"median_abs_dev":{"confidence_interval":{"confidence_level":0.95,"lower_bound":60389.30280354236,"upper_bound":70373.45928479293},"point_estimate":65700.61565489744,"standard_error":2536.4015443965127},"slope":{"confidence_interval":{"confidence_level":0.95,"lower_bound":232221.87665245347,"upper_bound":242308.38547426072},"point_estimate":237281.2683534786,"standard_error":2575.215041214088},"std_dev":{"confidence_interval":{"confidence_level":0.95,"lower_bound":59182.75261749128,"upper_bound":65612.1004383309},"point_estimate":62343.42868211156,"standard_error":1648.3058905883424}}