group,function,value,throughput_num,throughput_type,sample_measured_value,unit,iteration_count
RustyTree Benchmarks,Mutex Tree,,1,elements,225331.0,ns,2
RustyTree Benchmarks,Mutex Tree,,1,elements,368966.0,ns,4
RustyTree Benchmarks,Mutex Tree,,1,elements,742662.0,ns,6
RustyTree Benchmarks,Mutex Tree,,1,elements,516991.0,ns,8
RustyTree Benchmarks,Mutex Tree,,1,elements,1470477.0,ns,10
RustyTree Benchmarks,Mutex Tree,,1,elements,941680.0,ns,12
RustyTree Benchmarks,Mutex Tree,,1,elements,1757776.0,ns,14
RustyTree Benchmarks,Mutex Tree,,1,elements,2077465.0,ns,16
RustyTree Benchmarks,Mutex Tree,,1,elements,1784318.0,ns,18
RustyTree Benchmarks,Mutex Tree,,1,elements,3069436.0,ns,20
RustyTree Benchmarks,Mutex Tree,,1,elements,4767948.0,ns,22
RustyTree Benchmarks,Mutex Tree,,1,elements,2867668.0,ns,24
RustyTree Benchmarks,Mutex Tree,,1,elements,1629658.0,ns,26
RustyTree Benchmarks,Mutex Tree,,1,elements,2039371.0,ns,28
RustyTree Benchmarks,Mutex Tree,,1,elements,3960322.0,ns,30
RustyTree Benchmarks,Mutex Tree,,1,elements,5750799.0,ns,32
RustyTree Benchmarks,Mutex Tree,,1,elements,4287699.0,ns,34
RustyTree Benchmarks,Mutex Tree,,1,elements,4063915.0,ns,36
RustyTree Benchmarks,Mutex Tree,,1,elements,7620765.0,ns,38
RustyTree Benchmarks,Mutex Tree,,1,elements,3385602.0,ns,40
RustyTree Benchmarks,Mutex Tree,,1,elements,6886957.0,ns,42
RustyTree Benchmarks,Mutex Tree,,1,elements,7240134.0,ns,44
RustyTree Benchmarks,Mutex Tree,,1,elements,4876025.0,ns,46
RustyTree Benchmarks,Mutex Tree,,1,elements,8228454.0,ns,48
RustyTree Benchmarks,Mutex Tree,,1,elements,7640473.0,ns,50
RustyTree Benchmarks,Mutex Tree,,1,elements,11173697.0,ns,52
RustyTree Benchmarks,Mutex Tree,,1,elements,8557146.0,ns,54
RustyTree Benchmarks,Mutex Tree,,1,elements,5581442.0,ns,56
RustyTree Benchmarks,Mutex Tree,,1,elements,11826355.0,ns,58
RustyTree Benchmarks,Mutex Tree,,1,elements,13497812.0,ns,60
RustyTree Benchmarks,Mutex Tree,,1,elements,5865893.0,ns,62
RustyTree Benchmarks,Mutex Tree,,1,elements,7602376.0,ns,64
RustyTree Benchmarks,Mutex Tree,,1,elements,8992742.0,ns,66
RustyTree Benchmarks,Mutex Tree,,1,elements,11213897.0,ns,68
RustyTree Benchmarks,Mutex Tree,,1,elements,17368213.0,ns,70
RustyTree Benchmarks,Mutex Tree,,1,elements,7366263.0,ns,72
RustyTree Benchmarks,Mutex Tree,,1,elements,14274040.0,ns,74
RustyTree Benchmarks,Mutex Tree,,1,elements,11900671.0,ns,76
RustyTree Benchmarks,Mutex Tree,,1,elements,10326751.0,ns,78
RustyTree Benchmarks,Mutex Tree,,1,elements,15608195.0,ns,80
RustyTree Benchmarks,Mutex Tree,,1,elements,9423712.0,ns,82
RustyTree Benchmarks,Mutex Tree,,1,elements,13910322.0,ns,84
RustyTree Benchmarks,Mutex Tree,,1,elements,11614806.0,ns,86
RustyTree Benchmarks,Mutex Tree,,1,elements,7301313.0,ns,88
RustyTree Benchmarks,Mutex Tree,,1,elements,15549627.0,ns,90
RustyTree Benchmarks,Mutex Tree,,1,elements,10859661.0,ns,92
RustyTree Benchmarks,Mutex Tree,,1,elements,12581967.0,ns,94
RustyTree Benchmarks,Mutex Tree,,1,elements,17877025.0,ns,96
RustyTree Benchmarks,Mutex Tree,,1,elements,15704320.0,ns,98
RustyTree Benchmarks,Mutex Tree,,1,elements,20652973.0,ns,100
RustyTree Benchmarks,Mutex Tree,,1,elements,20658692.0,ns,102
RustyTree Benchmarks,Mutex Tree,,1,elements,12465303.0,ns,104
RustyTree Benchmarks,Mutex Tree,,1,elements,25453950.0,ns,106
RustyTree Benchmarks,Mutex Tree,,1,elements,14919490.0,ns,108
RustyTree Benchmarks,Mutex Tree,,1,elements,16706762.0,ns,110
RustyTree Benchmarks,Mutex Tree,,1,elements,8191578.0,ns,112
RustyTree Benchmarks,Mutex Tree,,1,elements,16918576.0,ns,114
RustyTree Benchmarks,Mutex Tree,,1,elements,17468196.0,ns,116
RustyTree Benchmarks,Mutex Tree,,1,elements,15695685.0,ns,118
RustyTree Benchmarks,Mutex Tree,,1,elements,29471182.0,ns,120
RustyTree Benchmarks,Mutex Tree,,1,elements,22963242.0,ns,122
RustyTree Benchmarks,Mutex Tree,,1,elements,16123540.0,ns,124
RustyTree Benchmarks,Mutex Tree,,1,elements,14656678.0,ns,126
RustyTree Benchmarks,Mutex Tree,,1,elements,27526712.0,ns,128
RustyTree Benchmarks,Mutex Tree,,1,elements,30648242.0,ns,130
RustyTree Benchmarks,Mutex Tree,,1,elements,16223676.0,ns,132
RustyTree Benchmarks,Mutex Tree,,1,elements,27372402.0,ns,134
RustyTree Benchmarks,Mutex Tree,,1,elements,17499527.0,ns,136
RustyTree Benchmarks,Mutex Tree,,1,elements,15506241.0,ns,138
RustyTree Benchmarks,Mutex Tree,,1,elements,18067342.0,ns,140
RustyTree Benchmarks,Mutex Tree,,1,elements,33102950.0,ns,142
RustyTree Benchmarks,Mutex Tree,,1,elements,24160723.0,ns,144
RustyTree Benchmarks,Mutex Tree,,1,elements,19450326.0,ns,146
RustyTree Benchmarks,Mutex Tree,,1,elements,23543218.0,ns,148
RustyTree Benchmarks,Mutex Tree,,1,elements,24292922.0,ns,150
RustyTree Benchmarks,Mutex Tree,,1,elements,12249393.0,ns,152
RustyTree Benchmarks,Mutex Tree,,1,elements,26338407.0,ns,154
RustyTree Benchmarks,Mutex Tree,,1,elements,25103193.0,ns,156
RustyTree Benchmarks,Mutex Tree,,1,elements,27843922.0,ns,158
RustyTree Benchmarks,Mutex Tree,,1,elements,29917153.0,ns,160
RustyTree Benchmarks,Mutex Tree,,1,elements,18136866.0,ns,162
RustyTree Benchmarks,Mutex Tree,,1,elements,21111596.0,ns,164
RustyTree Benchmarks,Mutex Tree,,1,elements,29772041.0,ns,166
RustyTree Benchmarks,Mutex Tree,,1,elements,23744394.0,ns,168
RustyTree Benchmarks,Mutex Tree,,1,elements,40887410.0,ns,170
RustyTree Benchmarks,Mutex Tree,,1,elements,34803379.0,ns,172
RustyTree Benchmarks,Mutex Tree,,1,elements,24630730.0,ns,174
RustyTree Benchmarks,Mutex Tree,,1,elements,26973924.0,ns,176
RustyTree Benchmarks,Mutex Tree,,1,elements,41116963.0,ns,178
RustyTree Benchmarks,Mutex Tree,,1,elements,31226282.0,ns,180
RustyTree Benchmarks,Mutex Tree,,1,elements,30586452.0,ns,182
RustyTree Benchmarks,Mutex Tree,,1,elements,28200040.0,ns,184
RustyTree Benchmarks,Mutex Tree,,1,elements,41320802.0,ns,186
RustyTree Benchmarks,Mutex Tree,,1,elements,39487077.0,ns,188
RustyTree Benchmarks,Mutex Tree,,1,elements,30023438.0,ns,190
RustyTree Benchmarks,Mutex Tree,,1,elements,30458464.0,ns,192
RustyTree Benchmarks,Mutex Tree,,1,elements,31932888.0,ns,194
RustyTree Benchmarks,Mutex Tree,,1,elements,13381542.0,ns,196
RustyTree Benchmarks,Mutex Tree,,1,elements,47176835.0,ns,198
RustyTree Benchmarks,Mutex Tree,,1,elements,23732387.0,ns,200
RustyTree Benchmarks,Mutex Tree,,1,elements,30712701.0,ns,202
RustyTree Benchmarks,Mutex Tree,,1,elements,43859030.0,ns,204
RustyTree Benchmarks,Mutex Tree,,1,elements,33450742.0,ns,206
RustyTree Benchmarks,Mutex Tree,,1,elements,22979420.0,ns,208
RustyTree Benchmarks,Mutex Tree,,1,elements,28676202.0,ns,210
RustyTree Benchmarks,Mutex Tree,,1,elements,29210096.0,ns,212
RustyTree Benchmarks,Mutex Tree,,1,elements,52254703.0,ns,214
RustyTree Benchmarks,Mutex Tree,,1,elements,42252623.0,ns,216
RustyTree Benchmarks,Mutex Tree,,1,elements,21283158.0,ns,218
RustyTree Benchmarks,Mutex Tree,,1,elements,43319999.0,ns,220
RustyTree Benchmarks,Mutex Tree,,1,elements,31918835.0,ns,222
RustyTree Benchmarks,Mutex Tree,,1,elements,52995418.0,ns,224
RustyTree Benchmarks,Mutex Tree,,1,elements,31031545.0,ns,226
RustyTree Benchmarks,Mutex Tree,,1,elements,44679531.0,ns,228
RustyTree Benchmarks,Mutex Tree,,1,elements,62534414.0,ns,230
RustyTree Benchmarks,Mutex Tree,,1,elements,25683545.0,ns,232
RustyTree Benchmarks,Mutex Tree,,1,elements,36115102.0,ns,234
RustyTree Benchmarks,Mutex Tree,,1,elements,40338435.0,ns,236
RustyTree Benchmarks,Mutex Tree,,1,elements,35299577.0,ns,238
RustyTree Benchmarks,Mutex Tree,,1,elements,31540769.0,ns,240
RustyTree Benchmarks,Mutex Tree,,1,elements,37746732.0,ns,242
RustyTree Benchmarks,Mutex Tree,,1,elements,42774861.0,ns,244
RustyTree Benchmarks,Mutex Tree,,1,elements,50512073.0,ns,246
RustyTree Benchmarks,Mutex Tree,,1,elements,23495918.0,ns,248
RustyTree Benchmarks,Mutex Tree,,1,elements,49155594.0,ns,250
RustyTree Benchmarks,Mutex Tree,,1,elements,52463675.0,ns,252
RustyTree Benchmarks,Mutex Tree,,1,elements,64460629.0,ns,254
RustyTree Benchmarks,Mutex Tree,,1,elements,47655283.0,ns,256
RustyTree Benchmarks,Mutex Tree,,1,elements,55811849.0,ns,258
RustyTree Benchmarks,Mutex Tree,,1,elements,66263756.0,ns,260
RustyTree Benchmarks,Mutex Tree,,1,elements,44085563.0,ns,262
RustyTree Benchmarks,Mutex Tree,,1,elements,57417305.0,ns,264
RustyTree Benchmarks,Mutex Tree,,1,elements,40869013.0,ns,266
RustyTree Benchmarks,Mutex Tree,,1,elements,61685401.0,ns,268
RustyTree Benchmarks,Mutex Tree,,1,elements,40240138.0,ns,270
RustyTree Benchmarks,Mutex Tree,,1,elements,40937576.0,ns,272
RustyTree Benchmarks,Mutex Tree,,1,elements,52778201.0,ns,274
RustyTree Benchmarks,Mutex Tree,,1,elements,43819080.0,ns,276
RustyTree Benchmarks,Mutex Tree,,1,elements,60587723.0,ns,278
RustyTree Benchmarks,Mutex Tree,,1,elements,47382998.0,ns,280
RustyTree Benchmarks,Mutex Tree,,1,elements,59605340.0,ns,282
RustyTree Benchmarks,Mutex Tree,,1,elements,33662053.0,ns,284
RustyTree Benchmarks,Mutex Tree,,1,elements,29155952.0,ns,286
RustyTree Benchmarks,Mutex Tree,,1,elements,49537855.0,ns,288
RustyTree Benchmarks,Mutex Tree,,1,elements,43693900.0,ns,290
RustyTree Benchmarks,Mutex Tree,,1,elements,30126314.0,ns,292
RustyTree Benchmarks,Mutex Tree,,1,elements,55321234.0,ns,294
RustyTree Benchmarks,Mutex Tree,,1,elements,47112271.0,ns,296
RustyTree Benchmarks,Mutex Tree,,1,elements,43078351.0,ns,298
RustyTree Benchmarks,Mutex Tree,,1,elements,42886678.0,ns,300
RustyTree Benchmarks,Mutex Tree,,1,elements,66781844.0,ns,302
RustyTree Benchmarks,Mutex Tree,,1,elements,54649710.0,ns,304
RustyTree Benchmarks,Mutex Tree,,1,elements,85312319.0,ns,306
RustyTree Benchmarks,Mutex Tree,,1,elements,91431750.0,ns,308
RustyTree Benchmarks,Mutex Tree,,1,elements,67311576.0,ns,310
RustyTree Benchmarks,Mutex Tree,,1,elements,73498766.0,ns,312
RustyTree Benchmarks,Mutex Tree,,1,elements,80746013.0,ns,314
RustyTree Benchmarks,Mutex Tree,,1,elements,59312959.0,ns,316
RustyTree Benchmarks,Mutex Tree,,1,elements,51405277.0,ns,318
RustyTree Benchmarks,Mutex Tree,,1,elements,79891746.0,ns,320
RustyTree Benchmarks,Mutex Tree,,1,elements,70943725.0,ns,322
RustyTree Benchmarks,Mutex Tree,,1,elements,61866684.0,ns,324
RustyTree Benchmarks,Mutex Tree,,1,elements,61576757.0,ns,326
RustyTree Benchmarks,Mutex Tree,,1,elements,55431584.0,ns,328
RustyTree Benchmarks,Mutex Tree,,1,elements,73414763.0,ns,330
RustyTree Benchmarks,Mutex Tree,,1,elements,61243799.0,ns,332
RustyTree Benchmarks,Mutex Tree,,1,elements,35468231.0,ns,334
RustyTree Benchmarks,Mutex Tree,,1,elements,81655936.0,ns,336
RustyTree Benchmarks,Mutex Tree,,1,elements,62221633.0,ns,338
RustyTree Benchmarks,Mutex Tree,,1,elements,83224217.0,ns,340
RustyTree Benchmarks,Mutex Tree,,1,elements,52845050.0,ns,342
RustyTree Benchmarks,Mutex Tree,,1,elements,52550891.0,ns,344
RustyTree Benchmarks,Mutex Tree,,1,elements,71248526.0,ns,346
RustyTree Benchmarks,Mutex Tree,,1,elements,28254323.0,ns,348
RustyTree Benchmarks,Mutex Tree,,1,elements,65221835.0,ns,350
RustyTree Benchmarks,Mutex Tree,,1,elements,41746164.0,ns,352
RustyTree Benchmarks,Mutex Tree,,1,elements,42161651.0,ns,354
RustyTree Benchmarks,Mutex Tree,,1,elements,50484161.0,ns,356
RustyTree Benchmarks,Mutex Tree,,1,elements,84749520.0,ns,358
RustyTree Benchmarks,Mutex Tree,,1,elements,84383073.0,ns,360
RustyTree Benchmarks,Mutex Tree,,1,elements,98772972.0,ns,362
RustyTree Benchmarks,Mutex Tree,,1,elements,46613401.0,ns,364
RustyTree Benchmarks,Mutex Tree,,1,elements,67905457.0,ns,366
RustyTree Benchmarks,Mutex Tree,,1,elements,76273192.0,ns,368
RustyTree Benchmarks,Mutex Tree,,1,elements,109920674.0,ns,370
RustyTree Benchmarks,Mutex Tree,,1,elements,66647767.0,ns,372
RustyTree Benchmarks,Mutex Tree,,1,elements,65184492.0,ns,374
RustyTree Benchmarks,Mutex Tree,,1,elements,70008738.0,ns,376
RustyTree Benchmarks,Mutex Tree,,1,elements,84433310.0,ns,378
RustyTree Benchmarks,Mutex Tree,,1,elements,110659844.0,ns,380
RustyTree Benchmarks,Mutex Tree,,1,elements,90343777.0,ns,382
RustyTree Benchmarks,Mutex Tree,,1,elements,77994293.0,ns,384
RustyTree Benchmarks,Mutex Tree,,1,elements,87990124.0,ns,386
RustyTree Benchmarks,Mutex Tree,,1,elements,114651367.0,ns,388
RustyTree Benchmarks,Mutex Tree,,1,elements,75468395.0,ns,390
RustyTree Benchmarks,Mutex Tree,,1,elements,77221522.0,ns,392
RustyTree Benchmarks,Mutex Tree,,1,elements,80524763.0,ns,394
RustyTree Benchmarks,Mutex Tree,,1,elements,36449775.0,ns,396
RustyTree Benchmarks,Mutex Tree,,1,elements,82479622.0,ns,398
RustyTree Benchmarks,Mutex Tree,,1,elements,92373599.0,ns,400
RustyTree Benchmarks,Mutex Tree,,1,elements,63698402.0,ns,402
RustyTree Benchmarks,Mutex Tree,,1,elements,91905399.0,ns,404
RustyTree Benchmarks,Mutex Tree,,1,elements,41647998.0,ns,406
RustyTree Benchmarks,Mutex Tree,,1,elements,80493139.0,ns,408
RustyTree Benchmarks,Mutex Tree,,1,elements,76322507.0,ns,410
RustyTree Benchmarks,Mutex Tree,,1,elements,100037611.0,ns,412
RustyTree Benchmarks,Mutex Tree,,1,elements,102472016.0,ns,414
RustyTree Benchmarks,Mutex Tree,,1,elements,76917632.0,ns,416
RustyTree Benchmarks,Mutex Tree,,1,elements,76095737.0,ns,418
RustyTree Benchmarks,Mutex Tree,,1,elements,91911143.0,ns,420
RustyTree Benchmarks,Mutex Tree,,1,elements,94045282.0,ns,422
RustyTree Benchmarks,Mutex Tree,,1,elements,140189333.0,ns,424
RustyTree Benchmarks,Mutex Tree,,1,elements,80945055.0,ns,426
RustyTree Benchmarks,Mutex Tree,,1,elements,99316369.0,ns,428
RustyTree Benchmarks,Mutex Tree,,1,elements,109469485.0,ns,430
RustyTree Benchmarks,Mutex Tree,,1,elements,109009102.0,ns,432
RustyTree Benchmarks,Mutex Tree,,1,elements,87208666.0,ns,434
RustyTree Benchmarks,Mutex Tree,,1,elements,67089195.0,ns,436
RustyTree Benchmarks,Mutex Tree,,1,elements,106280738.0,ns,438
RustyTree Benchmarks,Mutex Tree,,1,elements,111937718.0,ns,440
RustyTree Benchmarks,Mutex Tree,,1,elements,87954144.0,ns,442
RustyTree Benchmarks,Mutex Tree,,1,elements,111703550.0,ns,444
RustyTree Benchmarks,Mutex Tree,,1,elements,111774574.0,ns,446
RustyTree Benchmarks,Mutex Tree,,1,elements,72109054.0,ns,448
RustyTree Benchmarks,Mutex Tree,,1,elements,123968356.0,ns,450
RustyTree Benchmarks,Mutex Tree,,1,elements,90483661.0,ns,452
RustyTree Benchmarks,Mutex Tree,,1,elements,225291525.0,ns,454
RustyTree Benchmarks,Mutex Tree,,1,elements,238072836.0,ns,456
RustyTree Benchmarks,Mutex Tree,,1,elements,199612945.0,ns,458
RustyTree Benchmarks,Mutex Tree,,1,elements,112296588.0,ns,460
RustyTree Benchmarks,Mutex Tree,,1,elements,84704408.0,ns,462
RustyTree Benchmarks,Mutex Tree,,1,elements,134738319.0,ns,464
RustyTree Benchmarks,Mutex Tree,,1,elements,140748146.0,ns,466
RustyTree Benchmarks,Mutex Tree,,1,elements,102092557.0,ns,468
RustyTree Benchmarks,Mutex Tree,,1,elements,92793341.0,ns,470
RustyTree Benchmarks,Mutex Tree,,1,elements,72014199.0,ns,472
RustyTree Benchmarks,Mutex Tree,,1,elements,104154833.0,ns,474
RustyTree Benchmarks,Mutex Tree,,1,elements,89675933.0,ns,476
RustyTree Benchmarks,Mutex Tree,,1,elements,134538860.0,ns,478
RustyTree Benchmarks,Mutex Tree,,1,elements,120366371.0,ns,480
RustyTree Benchmarks,Mutex Tree,,1,elements,137412969.0,ns,482
RustyTree Benchmarks,Mutex Tree,,1,elements,65573872.0,ns,484
RustyTree Benchmarks,Mutex Tree,,1,elements,73744101.0,ns,486
RustyTree Benchmarks,Mutex Tree,,1,elements,95803053.0,ns,488
RustyTree Benchmarks,Mutex Tree,,1,elements,65016349.0,ns,490
RustyTree Benchmarks,Mutex Tree,,1,elements,98076480.0,ns,492
RustyTree Benchmarks,Mutex Tree,,1,elements,103884240.0,ns,494
RustyTree Benchmarks,Mutex Tree,,1,elements,59517617.0,ns,496
RustyTree Benchmarks,Mutex Tree,,1,elements,121538173.0,ns,498
RustyTree Benchmarks,Mutex Tree,,1,elements,98519407.0,ns,500
RustyTree Benchmarks,Mutex Tree,,1,elements,130724005.0,ns,502
RustyTree Benchmarks,Mutex Tree,,1,elements,112974288.0,ns,504
RustyTree Benchmarks,Mutex Tree,,1,elements,58756728.0,ns,506
RustyTree Benchmarks,Mutex Tree,,1,elements,74237874.0,ns,508
RustyTree Benchmarks,Mutex Tree,,1,elements,98919256.0,ns,510
RustyTree Benchmarks,Mutex Tree,,1,elements,106003399.0,ns,512
RustyTree Benchmarks,Mutex Tree,,1,elements,100416184.0,ns,514
RustyTree Benchmarks,Mutex Tree,,1,elements,134685799.0,ns,516
RustyTree Benchmarks,Mutex Tree,,1,elements,135442912.0,ns,518
RustyTree Benchmarks,Mutex Tree,,1,elements,52407996.0,ns,520
RustyTree Benchmarks,Mutex Tree,,1,elements,133562802.0,ns,522
RustyTree Benchmarks,Mutex Tree,,1,elements,104295075.0,ns,524
RustyTree Benchmarks,Mutex Tree,,1,elements,128330007.0,ns,526
RustyTree Benchmarks,Mutex Tree,,1,elements,136361293.0,ns,528
RustyTree Benchmarks,Mutex Tree,,1,elements,107001997.0,ns,530
RustyTree Benchmarks,Mutex Tree,,1,elements,125422613.0,ns,532
RustyTree Benchmarks,Mutex Tree,,1,elements,120750682.0,ns,534
RustyTree Benchmarks,Mutex Tree,,1,elements,139943439.0,ns,536
RustyTree Benchmarks,Mutex Tree,,1,elements,127545854.0,ns,538
RustyTree Benchmarks,Mutex Tree,,1,elements,84203224.0,ns,540
RustyTree Benchmarks,Mutex Tree,,1,elements,82586469.0,ns,542
RustyTree Benchmarks,Mutex Tree,,1,elements,64529021.0,ns,544
RustyTree Benchmarks,Mutex Tree,,1,elements,92757006.0,ns,546
RustyTree Benchmarks,Mutex Tree,,1,elements,116217396.0,ns,548
RustyTree Benchmarks,Mutex Tree,,1,elements,95431081.0,ns,550
RustyTree Benchmarks,Mutex Tree,,1,elements,145671430.0,ns,552
RustyTree Benchmarks,Mutex Tree,,1,elements,141643788.0,ns,554
RustyTree Benchmarks,Mutex Tree,,1,elements,114138209.0,ns,556
RustyTree Benchmarks,Mutex Tree,,1,elements,181380533.0,ns,558
RustyTree Benchmarks,Mutex Tree,,1,elements,125255906.0,ns,560
RustyTree Benchmarks,Mutex Tree,,1,elements,143178684.0,ns,562
RustyTree Benchmarks,Mutex Tree,,1,elements,122160780.0,ns,564
RustyTree Benchmarks,Mutex Tree,,1,elements,204765062.0,ns,566
RustyTree Benchmarks,Mutex Tree,,1,elements,124232975.0,ns,568
RustyTree Benchmarks,Mutex Tree,,1,elements,181924647.0,ns,570
RustyTree Benchmarks,Mutex Tree,,1,elements,154387133.0,ns,572
RustyTree Benchmarks,Mutex Tree,,1,elements,148234340.0,ns,574
RustyTree Benchmarks,Mutex Tree,,1,elements,99267799.0,ns,576
RustyTree Benchmarks,Mutex Tree,,1,elements,150353231.0,ns,578
RustyTree Benchmarks,Mutex Tree,,1,elements,150154732.0,ns,580
RustyTree Benchmarks,Mutex Tree,,1,elements,110324327.0,ns,582
RustyTree Benchmarks,Mutex Tree,,1,elements,142391640.0,ns,584
RustyTree Benchmarks,Mutex Tree,,1,elements,165195681.0,ns,586
RustyTree Benchmarks,Mutex Tree,,1,elements,120713057.0,ns,588
RustyTree Benchmarks,Mutex Tree,,1,elements,137266500.0,ns,590
RustyTree Benchmarks,Mutex Tree,,1,elements,142500956.0,ns,592
RustyTree Benchmarks,Mutex Tree,,1,elements,160000991.0,ns,594
RustyTree Benchmarks,Mutex Tree,,1,elements,155636215.0,ns,596
RustyTree Benchmarks,Mutex Tree,,1,elements,143164512.0,ns,598
RustyTree Benchmarks,Mutex Tree,,1,elements,112950377.0,ns,600
RustyTree Benchmarks,Mutex Tree,,1,elements,70214854.0,ns,602
RustyTree Benchmarks,Mutex Tree,,1,elements,111753362.0,ns,604
RustyTree Benchmarks,Mutex Tree,,1,elements,105396531.0,ns,606
RustyTree Benchmarks,Mutex Tree,,1,elements,179095382.0,ns,608
RustyTree Benchmarks,Mutex Tree,,1,elements,146349860.0,ns,610
RustyTree Benchmarks,Mutex Tree,,1,elements,83832548.0,ns,612
RustyTree Benchmarks,Mutex Tree,,1,elements,97860976.0,ns,614
RustyTree Benchmarks,Mutex Tree,,1,elements,117630771.0,ns,616
RustyTree Benchmarks,Mutex Tree,,1,elements,184352334.0,ns,618
RustyTree Benchmarks,Mutex Tree,,1,elements,146169799.0,ns,620
RustyTree Benchmarks,Mutex Tree,,1,elements,128527378.0,ns,622
RustyTree Benchmarks,Mutex Tree,,1,elements,196235068.0,ns,624
RustyTree Benchmarks,Mutex Tree,,1,elements,111942235.0,ns,626
RustyTree Benchmarks,Mutex Tree,,1,elements,108468397.0,ns,628
RustyTree Benchmarks,Mutex Tree,,1,elements,64905403.0,ns,630
RustyTree Benchmarks,Mutex Tree,,1,elements,164258723.0,ns,632
RustyTree Benchmarks,Mutex Tree,,1,elements,92362237.0,ns,634
RustyTree Benchmarks,Mutex Tree,,1,elements,134096316.0,ns,636
RustyTree Benchmarks,Mutex Tree,,1,elements,172306563.0,ns,638
RustyTree Benchmarks,Mutex Tree,,1,elements,179008782.0,ns,640
RustyTree Benchmarks,Mutex Tree,,1,elements,81636206.0,ns,642
RustyTree Benchmarks,Mutex Tree,,1,elements,113712769.0,ns,644
RustyTree Benchmarks,Mutex Tree,,1,elements,110175122.0,ns,646
RustyTree Benchmarks,Mutex Tree,,1,elements,144148978.0,ns,648
RustyTree Benchmarks,Mutex Tree,,1,elements,182006389.0,ns,650
RustyTree Benchmarks,Mutex Tree,,1,elements,179400415.0,ns,652
RustyTree Benchmarks,Mutex Tree,,1,elements,122498988.0,ns,654
RustyTree Benchmarks,Mutex Tree,,1,elements,67522329.0,ns,656
RustyTree Benchmarks,Mutex Tree,,1,elements,143130883.0,ns,658
RustyTree Benchmarks,Mutex Tree,,1,elements,173128401.0,ns,660
RustyTree Benchmarks,Mutex Tree,,1,elements,139358753.0,ns,662
RustyTree Benchmarks,Mutex Tree,,1,elements,139167459.0,ns,664
RustyTree Benchmarks,Mutex Tree,,1,elements,182607790.0,ns,666
RustyTree Benchmarks,Mutex Tree,,1,elements,129047405.0,ns,668
RustyTree Benchmarks,Mutex Tree,,1,elements,79915260.0,ns,670
RustyTree Benchmarks,Mutex Tree,,1,elements,160556363.0,ns,672
RustyTree Benchmarks,Mutex Tree,,1,elements,166502214.0,ns,674
RustyTree Benchmarks,Mutex Tree,,1,elements,185241984.0,ns,676
RustyTree Benchmarks,Mutex Tree,,1,elements,99417317.0,ns,678
RustyTree Benchmarks,Mutex Tree,,1,elements,134841592.0,ns,680
RustyTree Benchmarks,Mutex Tree,,1,elements,189644669.0,ns,682
RustyTree Benchmarks,Mutex Tree,,1,elements,225184884.0,ns,684
RustyTree Benchmarks,Mutex Tree,,1,elements,106501004.0,ns,686
RustyTree Benchmarks,Mutex Tree,,1,elements,166380459.0,ns,688
RustyTree Benchmarks,Mutex Tree,,1,elements,141204372.0,ns,690
RustyTree Benchmarks,Mutex Tree,,1,elements,107857793.0,ns,692
RustyTree Benchmarks,Mutex Tree,,1,elements,92634161.0,ns,694
RustyTree Benchmarks,Mutex Tree,,1,elements,83587480.0,ns,696
RustyTree Benchmarks,Mutex Tree,,1,elements,142969606.0,ns,698
RustyTree Benchmarks,Mutex Tree,,1,elements,92894105.0,ns,700
RustyTree Benchmarks,Mutex Tree,,1,elements,121555897.0,ns,702
RustyTree Benchmarks,Mutex Tree,,1,elements,127916409.0,ns,704
RustyTree Benchmarks,Mutex Tree,,1,elements,112750335.0,ns,706
RustyTree Benchmarks,Mutex Tree,,1,elements,145068949.0,ns,708
RustyTree Benchmarks,Mutex Tree,,1,elements,145448069.0,ns,710
RustyTree Benchmarks,Mutex Tree,,1,elements,191379352.0,ns,712
RustyTree Benchmarks,Mutex Tree,,1,elements,78061579.0,ns,714
RustyTree Benchmarks,Mutex Tree,,1,elements,183995234.0,ns,716
RustyTree Benchmarks,Mutex Tree,,1,elements,196301962.0,ns,718
RustyTree Benchmarks,Mutex Tree,,1,elements,114974259.0,ns,720
RustyTree Benchmarks,Mutex Tree,,1,elements,175297889.0,ns,722
RustyTree Benchmarks,Mutex Tree,,1,elements,134778713.0,ns,724
RustyTree Benchmarks,Mutex Tree,,1,elements,86090957.0,ns,726
RustyTree Benchmarks,Mutex Tree,,1,elements,202320249.0,ns,728
RustyTree Benchmarks,Mutex Tree,,1,elements,184023737.0,ns,730
RustyTree Benchmarks,Mutex Tree,,1,elements,147245617.0,ns,732
RustyTree Benchmarks,Mutex Tree,,1,elements,157220487.0,ns,734
RustyTree Benchmarks,Mutex Tree,,1,elements,121561305.0,ns,736
RustyTree Benchmarks,Mutex Tree,,1,elements,209887291.0,ns,738
RustyTree Benchmarks,Mutex Tree,,1,elements,218760679.0,ns,740
RustyTree Benchmarks,Mutex Tree,,1,elements,175527741.0,ns,742
RustyTree Benchmarks,Mutex Tree,,1,elements,160734384.0,ns,744
RustyTree Benchmarks,Mutex Tree,,1,elements,140419552.0,ns,746
RustyTree Benchmarks,Mutex Tree,,1,elements,88599890.0,ns,748
RustyTree Benchmarks,Mutex Tree,,1,elements,152796589.0,ns,750
RustyTree Benchmarks,Mutex Tree,,1,elements,102470418.0,ns,752
RustyTree Benchmarks,Mutex Tree,,1,elements,100434836.0,ns,754
RustyTree Benchmarks,Mutex Tree,,1,elements,155909278.0,ns,756
RustyTree Benchmarks,Mutex Tree,,1,elements,191118938.0,ns,758
RustyTree Benchmarks,Mutex Tree,,1,elements,152743860.0,ns,760
RustyTree Benchmarks,Mutex Tree,,1,elements,126636429.0,ns,762
RustyTree Benchmarks,Mutex Tree,,1,elements,186373080.0,ns,764
RustyTree Benchmarks,Mutex Tree,,1,elements,156390891.0,ns,766
RustyTree Benchmarks,Mutex Tree,,1,elements,160789321.0,ns,768
RustyTree Benchmarks,Mutex Tree,,1,elements,211465520.0,ns,770
RustyTree Benchmarks,Mutex Tree,,1,elements,144187919.0,ns,772
RustyTree Benchmarks,Mutex Tree,,1,elements,183526848.0,ns,774
RustyTree Benchmarks,Mutex Tree,,1,elements,119269926.0,ns,776
RustyTree Benchmarks,Mutex Tree,,1,elements,188032968.0,ns,778
RustyTree Benchmarks,Mutex Tree,,1,elements,124722092.0,ns,780
RustyTree Benchmarks,Mutex Tree,,1,elements,239796638.0,ns,782
RustyTree Benchmarks,Mutex Tree,,1,elements,138943969.0,ns,784
RustyTree Benchmarks,Mutex Tree,,1,elements,169167505.0,ns,786
RustyTree Benchmarks,Mutex Tree,,1,elements,144038532.0,ns,788
RustyTree Benchmarks,Mutex Tree,,1,elements,198123201.0,ns,790
RustyTree Benchmarks,Mutex Tree,,1,elements,181384076.0,ns,792
RustyTree Benchmarks,Mutex Tree,,1,elements,201147048.0,ns,794
RustyTree Benchmarks,Mutex Tree,,1,elements,230599649.0,ns,796
RustyTree Benchmarks,Mutex Tree,,1,elements,202917867.0,ns,798
RustyTree Benchmarks,Mutex Tree,,1,elements,99524160.0,ns,800
RustyTree Benchmarks,Mutex Tree,,1,elements,149197823.0,ns,802
RustyTree Benchmarks,Mutex Tree,,1,elements,164684139.0,ns,804
RustyTree Benchmarks,Mutex Tree,,1,elements,172518457.0,ns,806
RustyTree Benchmarks,Mutex Tree,,1,elements,195286183.0,ns,808
RustyTree Benchmarks,Mutex Tree,,1,elements,166489077.0,ns,810
RustyTree Benchmarks,Mutex Tree,,1,elements,168511527.0,ns,812
RustyTree Benchmarks,Mutex Tree,,1,elements,168362367.0,ns,814
RustyTree Benchmarks,Mutex Tree,,1,elements,106085273.0,ns,816
RustyTree Benchmarks,Mutex Tree,,1,elements,175249200.0,ns,818
RustyTree Benchmarks,Mutex Tree,,1,elements,136993193.0,ns,820
RustyTree Benchmarks,Mutex Tree,,1,elements,188969319.0,ns,822
RustyTree Benchmarks,Mutex Tree,,1,elements,186057055.0,ns,824
RustyTree Benchmarks,Mutex Tree,,1,elements,185484792.0,ns,826
RustyTree Benchmarks,Mutex Tree,,1,elements,220476662.0,ns,828
RustyTree Benchmarks,Mutex Tree,,1,elements,117746892.0,ns,830
RustyTree Benchmarks,Mutex Tree,,1,elements,226769610.0,ns,832
RustyTree Benchmarks,Mutex Tree,,1,elements,196393674.0,ns,834
RustyTree Benchmarks,Mutex Tree,,1,elements,163260467.0,ns,836
RustyTree Benchmarks,Mutex Tree,,1,elements,202944410.0,ns,838
RustyTree Benchmarks,Mutex Tree,,1,elements,141694891.0,ns,840
RustyTree Benchmarks,Mutex Tree,,1,elements,173457263.0,ns,842
RustyTree Benchmarks,Mutex Tree,,1,elements,129163170.0,ns,844
RustyTree Benchmarks,Mutex Tree,,1,elements,99178142.0,ns,846
RustyTree Benchmarks,Mutex Tree,,1,elements,173694887.0,ns,848
RustyTree Benchmarks,Mutex Tree,,1,elements,225213130.0,ns,850
RustyTree Benchmarks,Mutex Tree,,1,elements,106811328.0,ns,852
RustyTree Benchmarks,Mutex Tree,,1,elements,227626802.0,ns,854
RustyTree Benchmarks,Mutex Tree,,1,elements,213877950.0,ns,856
RustyTree Benchmarks,Mutex Tree,,1,elements,249553615.0,ns,858
RustyTree Benchmarks,Mutex Tree,,1,elements,204304587.0,ns,860
RustyTree Benchmarks,Mutex Tree,,1,elements,140984890.0,ns,862
RustyTree Benchmarks,Mutex Tree,,1,elements,241764812.0,ns,864
RustyTree Benchmarks,Mutex Tree,,1,elements,152752135.0,ns,866
RustyTree Benchmarks,Mutex Tree,,1,elements,196594255.0,ns,868
RustyTree Benchmarks,Mutex Tree,,1,elements,241447679.0,ns,870
RustyTree Benchmarks,Mutex Tree,,1,elements,251114419.0,ns,872
RustyTree Benchmarks,Mutex Tree,,1,elements,188164674.0,ns,874
RustyTree Benchmarks,Mutex Tree,,1,elements,203068605.0,ns,876
RustyTree Benchmarks,Mutex Tree,,1,elements,189850372.0,ns,878
RustyTree Benchmarks,Mutex Tree,,1,elements,222600647.0,ns,880
RustyTree Benchmarks,Mutex Tree,,1,elements,175622897.0,ns,882
RustyTree Benchmarks,Mutex Tree,,1,elements,207068467.0,ns,884
RustyTree Benchmarks,Mutex Tree,,1,elements,219008578.0,ns,886
RustyTree Benchmarks,Mutex Tree,,1,elements,179098971.0,ns,888
RustyTree Benchmarks,Mutex Tree,,1,elements,115892541.0,ns,890
RustyTree Benchmarks,Mutex Tree,,1,elements,221286367.0,ns,892
RustyTree Benchmarks,Mutex Tree,,1,elements,198717125.0,ns,894
RustyTree Benchmarks,Mutex Tree,,1,elements,289671568.0,ns,896
RustyTree Benchmarks,Mutex Tree,,1,elements,210601537.0,ns,898
RustyTree Benchmarks,Mutex Tree,,1,elements,169553668.0,ns,900
RustyTree Benchmarks,Mutex Tree,,1,elements,224912807.0,ns,902
RustyTree Benchmarks,Mutex Tree,,1,elements,119462468.0,ns,904
RustyTree Benchmarks,Mutex Tree,,1,elements,214120909.0,ns,906
RustyTree Benchmarks,Mutex Tree,,1,elements,138615362.0,ns,908
RustyTree Benchmarks,Mutex Tree,,1,elements,201828719.0,ns,910
RustyTree Benchmarks,Mutex Tree,,1,elements,171522667.0,ns,912
RustyTree Benchmarks,Mutex Tree,,1,elements,227029069.0,ns,914
RustyTree Benchmarks,Mutex Tree,,1,elements,278615045.0,ns,916
RustyTree Benchmarks,Mutex Tree,,1,elements,227513626.0,ns,918
RustyTree Benchmarks,Mutex Tree,,1,elements,169468230.0,ns,920
RustyTree Benchmarks,Mutex Tree,,1,elements,182040940.0,ns,922
RustyTree Benchmarks,Mutex Tree,,1,elements,165211321.0,ns,924
RustyTree Benchmarks,Mutex Tree,,1,elements,125181650.0,ns,926
RustyTree Benchmarks,Mutex Tree,,1,elements,200928524.0,ns,928
RustyTree Benchmarks,Mutex Tree,,1,elements,261270740.0,ns,930
RustyTree Benchmarks,Mutex Tree,,1,elements,141123663.0,ns,932
RustyTree Benchmarks,Mutex Tree,,1,elements,212971170.0,ns,934
RustyTree Benchmarks,Mutex Tree,,1,elements,244863528.0,ns,936
RustyTree Benchmarks,Mutex Tree,,1,elements,134744849.0,ns,938
RustyTree Benchmarks,Mutex Tree,,1,elements,212736963.0,ns,940
RustyTree Benchmarks,Mutex Tree,,1,elements,303660999.0,ns,942
RustyTree Benchmarks,Mutex Tree,,1,elements,157593784.0,ns,944
RustyTree Benchmarks,Mutex Tree,,1,elements,365430456.0,ns,946
RustyTree Benchmarks,Mutex Tree,,1,elements,240603787.0,ns,948
RustyTree Benchmarks,Mutex Tree,,1,elements,322010686.0,ns,950
RustyTree Benchmarks,Mutex Tree,,1,elements,308831223.0,ns,952
RustyTree Benchmarks,Mutex Tree,,1,elements,272430480.0,ns,954
RustyTree Benchmarks,Mutex Tree,,1,elements,181592852.0,ns,956
RustyTree Benchmarks,Mutex Tree,,1,elements,160612433.0,ns,958
RustyTree Benchmarks,Mutex Tree,,1,elements,206323418.0,ns,960
RustyTree Benchmarks,Mutex Tree,,1,elements,202701459.0,ns,962
RustyTree Benchmarks,Mutex Tree,,1,elements,205970820.0,ns,964
RustyTree Benchmarks,Mutex Tree,,1,elements,277236323.0,ns,966
RustyTree Benchmarks,Mutex Tree,,1,elements,237275155.0,ns,968
RustyTree Benchmarks,Mutex Tree,,1,elements,319578531.0,ns,970
RustyTree Benchmarks,Mutex Tree,,1,elements,160075172.0,ns,972
RustyTree Benchmarks,Mutex Tree,,1,elements,290183791.0,ns,974
RustyTree Benchmarks,Mutex Tree,,1,elements,127614586.0,ns,976
RustyTree Benchmarks,Mutex Tree,,1,elements,210622737.0,ns,978
RustyTree Benchmarks,Mutex Tree,,1,elements,127908228.0,ns,980
RustyTree Benchmarks,Mutex Tree,,1,elements,181121744.0,ns,982
RustyTree Benchmarks,Mutex Tree,,1,elements,157524899.0,ns,984
RustyTree Benchmarks,Mutex Tree,,1,elements,222278486.0,ns,986
RustyTree Benchmarks,Mutex Tree,,1,elements,138932946.0,ns,988
RustyTree Benchmarks,Mutex Tree,,1,elements,276042408.0,ns,990
RustyTree Benchmarks,Mutex Tree,,1,elements,176919769.0,ns,992
RustyTree Benchmarks,Mutex Tree,,1,elements,173136534.0,ns,994
RustyTree Benchmarks,Mutex Tree,,1,elements,179281128.0,ns,996
RustyTree Benchmarks,Mutex Tree,,1,elements,147229866.0,ns,998
RustyTree Benchmarks,Mutex Tree,,1,elements,249973277.0,ns,1000
RustyTree Benchmarks,Mutex Tree,,1,elements,131360360.0,ns,1002
RustyTree Benchmarks,Mutex Tree,,1,elements,154057497.0,ns,1004
RustyTree Benchmarks,Mutex Tree,,1,elements,172936652.0,ns,1006
RustyTree Benchmarks,Mutex Tree,,1,elements,242040235.0,ns,1008
RustyTree Benchmarks,Mutex Tree,,1,elements,244776160.0,ns,1010
RustyTree Benchmarks,Mutex Tree,,1,elements,212093319.0,ns,1012
RustyTree Benchmarks,Mutex Tree,,1,elements,244824371.0,ns,1014
RustyTree Benchmarks,Mutex Tree,,1,elements,218057162.0,ns,1016
RustyTree Benchmarks,Mutex Tree,,1,elements,239239820.0,ns,1018
RustyTree Benchmarks,Mutex Tree,,1,elements,255745045.0,ns,1020
RustyTree Benchmarks,Mutex Tree,,1,elements,248073540.0,ns,1022
RustyTree Benchmarks,Mutex Tree,,1,elements,256227076.0,ns,1024
RustyTree Benchmarks,Mutex Tree,,1,elements,232337577.0,ns,1026
RustyTree Benchmarks,Mutex Tree,,1,elements,200645802.0,ns,1028
RustyTree Benchmarks,Mutex Tree,,1,elements,238234209.0,ns,1030
RustyTree Benchmarks,Mutex Tree,,1,elements,244501958.0,ns,1032
RustyTree Benchmarks,Mutex Tree,,1,elements,242279563.0,ns,1034
RustyTree Benchmarks,Mutex Tree,,1,elements,206084884.0,ns,1036
RustyTree Benchmarks,Mutex Tree,,1,elements,121016100.0,ns,1038
RustyTree Benchmarks,Mutex Tree,,1,elements,269511166.0,ns,1040
RustyTree Benchmarks,Mutex Tree,,1,elements,153314375.0,ns,1042
RustyTree Benchmarks,Mutex Tree,,1,elements,314403120.0,ns,1044
RustyTree Benchmarks,Mutex Tree,,1,elements,177755005.0,ns,1046
RustyTree Benchmarks,Mutex Tree,,1,elements,275867529.0,ns,1048
RustyTree Benchmarks,Mutex Tree,,1,elements,248274808.0,ns,1050
RustyTree Benchmarks,Mutex Tree,,1,elements,263617191.0,ns,1052
RustyTree Benchmarks,Mutex Tree,,1,elements,273128895.0,ns,1054
RustyTree Benchmarks,Mutex Tree,,1,elements,255081001.0,ns,1056
RustyTree Benchmarks,Mutex Tree,,1,elements,150210322.0,ns,1058
RustyTree Benchmarks,Mutex Tree,,1,elements,229820169.0,ns,1060
RustyTree Benchmarks,Mutex Tree,,1,elements,253671440.0,ns,1062
RustyTree Benchmarks,Mutex Tree,,1,elements,163359099.0,ns,1064
RustyTree Benchmarks,Mutex Tree,,1,elements,222317865.0,ns,1066
RustyTree Benchmarks,Mutex Tree,,1,elements,185081385.0,ns,1068
RustyTree Benchmarks,Mutex Tree,,1,elements,186570736.0,ns,1070
RustyTree Benchmarks,Mutex Tree,,1,elements,274880954.0,ns,1072
RustyTree Benchmarks,Mutex Tree,,1,elements,207599427.0,ns,1074
RustyTree Benchmarks,Mutex Tree,,1,elements,223719657.0,ns,1076
RustyTree Benchmarks,Mutex Tree,,1,elements,255284045.0,ns,1078
RustyTree Benchmarks,Mutex Tree,,1,elements,318170887.0,ns,1080
RustyTree Benchmarks,Mutex Tree,,1,elements,230228231.0,ns,1082
RustyTree Benchmarks,Mutex Tree,,1,elements,287853276.0,ns,1084
RustyTree Benchmarks,Mutex Tree,,1,elements,226211409.0,ns,1086
RustyTree Benchmarks,Mutex Tree,,1,elements,123406365.0,ns,1088
RustyTree Benchmarks,Mutex Tree,,1,elements,193604264.0,ns,1090
RustyTree Benchmarks,Mutex Tree,,1,elements,289913237.0,ns,1092
RustyTree Benchmarks,Mutex Tree,,1,elements,193185982.0,ns,1094
RustyTree Benchmarks,Mutex Tree,,1,elements,373768594.0,ns,1096
RustyTree Benchmarks,Mutex Tree,,1,elements,225688839.0,ns,1098
RustyTree Benchmarks,Mutex Tree,,1,elements,250767647.0,ns,1100
RustyTree Benchmarks,Mutex Tree,,1,elements,210419409.0,ns,1102
RustyTree Benchmarks,Mutex Tree,,1,elements,300689538.0,ns,1104
RustyTree Benchmarks,Mutex Tree,,1,elements,268852625.0,ns,1106
RustyTree Benchmarks,Mutex Tree,,1,elements,143207191.0,ns,1108
RustyTree Benchmarks,Mutex Tree,,1,elements,305025449.0,ns,1110
RustyTree Benchmarks,Mutex Tree,,1,elements,340889355.0,ns,1112
RustyTree Benchmarks,Mutex Tree,,1,elements,228244001.0,ns,1114
RustyTree Benchmarks,Mutex Tree,,1,elements,242988009.0,ns,1116
RustyTree Benchmarks,Mutex Tree,,1,elements,283263949.0,ns,1118
RustyTree Benchmarks,Mutex Tree,,1,elements,195408591.0,ns,1120
RustyTree Benchmarks,Mutex Tree,,1,elements,327206981.0,ns,1122
RustyTree Benchmarks,Mutex Tree,,1,elements,217254248.0,ns,1124
RustyTree Benchmarks,Mutex Tree,,1,elements,300245900.0,ns,1126
RustyTree Benchmarks,Mutex Tree,,1,elements,197339603.0,ns,1128
RustyTree Benchmarks,Mutex Tree,,1,elements,175687382.0,ns,1130
RustyTree Benchmarks,Mutex Tree,,1,elements,277131219.0,ns,1132
RustyTree Benchmarks,Mutex Tree,,1,elements,203748713.0,ns,1134
RustyTree Benchmarks,Mutex Tree,,1,elements,221290659.0,ns,1136
RustyTree Benchmarks,Mutex Tree,,1,elements,239661445.0,ns,1138
RustyTree Benchmarks,Mutex Tree,,1,elements,239459830.0,ns,1140
RustyTree Benchmarks,Mutex Tree,,1,elements,182457863.0,ns,1142
RustyTree Benchmarks,Mutex Tree,,1,elements,272205924.0,ns,1144
RustyTree Benchmarks,Mutex Tree,,1,elements,279038350.0,ns,1146
RustyTree Benchmarks,Mutex Tree,,1,elements,179033923.0,ns,1148
RustyTree Benchmarks,Mutex Tree,,1,elements,324392468.0,ns,1150
RustyTree Benchmarks,Mutex Tree,,1,elements,315222993.0,ns,1152
RustyTree Benchmarks,Mutex Tree,,1,elements,300922578.0,ns,1154
RustyTree Benchmarks,Mutex Tree,,1,elements,324665508.0,ns,1156
RustyTree Benchmarks,Mutex Tree,,1,elements,217144357.0,ns,1158
RustyTree Benchmarks,Mutex Tree,,1,elements,272920612.0,ns,1160
RustyTree Benchmarks,Mutex Tree,,1,elements,294566905.0,ns,1162
RustyTree Benchmarks,Mutex Tree,,1,elements,327755748.0,ns,1164
RustyTree Benchmarks,Mutex Tree,,1,elements,315491754.0,ns,1166
RustyTree Benchmarks,Mutex Tree,,1,elements,308276901.0,ns,1168
RustyTree Benchmarks,Mutex Tree,,1,elements,248571452.0,ns,1170
RustyTree Benchmarks,Mutex Tree,,1,elements,302334202.0,ns,1172
RustyTree Benchmarks,Mutex Tree,,1,elements,264203272.0,ns,1174
RustyTree Benchmarks,Mutex Tree,,1,elements,249205000.0,ns,1176
RustyTree Benchmarks,Mutex Tree,,1,elements,290843585.0,ns,1178
RustyTree Benchmarks,Mutex Tree,,1,elements,266986655.0,ns,1180
RustyTree Benchmarks,Mutex Tree,,1,elements,171231745.0,ns,1182
RustyTree Benchmarks,Mutex Tree,,1,elements,249190506.0,ns,1184
RustyTree Benchmarks,Mutex Tree,,1,elements,260168691.0,ns,1186
RustyTree Benchmarks,Mutex Tree,,1,elements,260512161.0,ns,1188
RustyTree Benchmarks,Mutex Tree,,1,elements,208738680.0,ns,1190
RustyTree Benchmarks,Mutex Tree,,1,elements,251572375.0,ns,1192
RustyTree Benchmarks,Mutex Tree,,1,elements,176876256.0,ns,1194
RustyTree Benchmarks,Mutex Tree,,1,elements,291953154.0,ns,1196
RustyTree Benchmarks,Mutex Tree,,1,elements,379852910.0,ns,1198
RustyTree Benchmarks,Mutex Tree,,1,elements,285698396.0,ns,1200
RustyTree Benchmarks,Mutex Tree,,1,elements,284425752.0,ns,1202
RustyTree Benchmarks,Mutex Tree,,1,elements,230374404.0,ns,1204
RustyTree Benchmarks,Mutex Tree,,1,elements,285909838.0,ns,1206
RustyTree Benchmarks,Mutex Tree,,1,elements,334074091.0,ns,1208
RustyTree Benchmarks,Mutex Tree,,1,elements,193609441.0,ns,1210
RustyTree Benchmarks,Mutex Tree,,1,elements,258718968.0,ns,1212
RustyTree Benchmarks,Mutex Tree,,1,elements,282862807.0,ns,1214
RustyTree Benchmarks,Mutex Tree,,1,elements,171992411.0,ns,1216
RustyTree Benchmarks,Mutex Tree,,1,elements,311922295.0,ns,1218
RustyTree Benchmarks,Mutex Tree,,1,elements,189448699.0,ns,1220
RustyTree Benchmarks,Mutex Tree,,1,elements,324096365.0,ns,1222
RustyTree Benchmarks,Mutex Tree,,1,elements,236857608.0,ns,1224
RustyTree Benchmarks,Mutex Tree,,1,elements,290419450.0,ns,1226
RustyTree Benchmarks,Mutex Tree,,1,elements,262228484.0,ns,1228
RustyTree Benchmarks,Mutex Tree,,1,elements,259963847.0,ns,1230
RustyTree Benchmarks,Mutex Tree,,1,elements,273094525.0,ns,1232
RustyTree Benchmarks,Mutex Tree,,1,elements,275924361.0,ns,1234
RustyTree Benchmarks,Mutex Tree,,1,elements,368078349.0,ns,1236
RustyTree Benchmarks,Mutex Tree,,1,elements,312733484.0,ns,1238
RustyTree Benchmarks,Mutex Tree,,1,elements,270683533.0,ns,1240
RustyTree Benchmarks,Mutex Tree,,1,elements,293332169.0,ns,1242
RustyTree Benchmarks,Mutex Tree,,1,elements,306568835.0,ns,1244
RustyTree Benchmarks,Mutex Tree,,1,elements,284163520.0,ns,1246
RustyTree Benchmarks,Mutex Tree,,1,elements,195611755.0,ns,1248
RustyTree Benchmarks,Mutex Tree,,1,elements,309227242.0,ns,1250
RustyTree Benchmarks,Mutex Tree,,1,elements,309775644.0,ns,1252
RustyTree Benchmarks,Mutex Tree,,1,elements,228965689.0,ns,1254
RustyTree Benchmarks,Mutex Tree,,1,elements,207925172.0,ns,1256
RustyTree Benchmarks,Mutex Tree,,1,elements,313914075.0,ns,1258
RustyTree Benchmarks,Mutex Tree,,1,elements,334359403.0,ns,1260
RustyTree Benchmarks,Mutex Tree,,1,elements,245667988.0,ns,1262
RustyTree Benchmarks,Mutex Tree,,1,elements,381265988.0,ns,1264
RustyTree Benchmarks,Mutex Tree,,1,elements,276145499.0,ns,1266
RustyTree Benchmarks,Mutex Tree,,1,elements,171115039.0,ns,1268
RustyTree Benchmarks,Mutex Tree,,1,elements,300375574.0,ns,1270
RustyTree Benchmarks,Mutex Tree,,1,elements,272894205.0,ns,1272
RustyTree Benchmarks,Mutex Tree,,1,elements,314416031.0,ns,1274
RustyTree Benchmarks,Mutex Tree,,1,elements,323895238.0,ns,1276
RustyTree Benchmarks,Mutex Tree,,1,elements,396542361.0,ns,1278
RustyTree Benchmarks,Mutex Tree,,1,elements,259637152.0,ns,1280
RustyTree Benchmarks,Mutex Tree,,1,elements,343415603.0,ns,1282
RustyTree Benchmarks,Mutex Tree,,1,elements,395818627.0,ns,1284
RustyTree Benchmarks,Mutex Tree,,1,elements,346343299.0,ns,1286
RustyTree Benchmarks,Mutex Tree,,1,elements,421604638.0,ns,1288
RustyTree Benchmarks,Mutex Tree,,1,elements,423366206.0,ns,1290
RustyTree Benchmarks,Mutex Tree,,1,elements,350312828.0,ns,1292
RustyTree Benchmarks,Mutex Tree,,1,elements,197803672.0,ns,1294
RustyTree Benchmarks,Mutex Tree,,1,elements,266036498.0,ns,1296
RustyTree Benchmarks,Mutex Tree,,1,elements,395615639.0,ns,1298
RustyTree Benchmarks,Mutex Tree,,1,elements,491319624.0,ns,1300
RustyTree Benchmarks,Mutex Tree,,1,elements,325639445.0,ns,1302
RustyTree Benchmarks,Mutex Tree,,1,elements,193113193.0,ns,1304
RustyTree Benchmarks,Mutex Tree,,1,elements,310990566.0,ns,1306
RustyTree Benchmarks,Mutex Tree,,1,elements,385659691.0,ns,1308
RustyTree Benchmarks,Mutex Tree,,1,elements,313939548.0,ns,1310
RustyTree Benchmarks,Mutex Tree,,1,elements,366173461.0,ns,1312
RustyTree Benchmarks,Mutex Tree,,1,elements,265918667.0,ns,1314
RustyTree Benchmarks,Mutex Tree,,1,elements,369020299.0,ns,1316
RustyTree Benchmarks,Mutex Tree,,1,elements,320449478.0,ns,1318
RustyTree Benchmarks,Mutex Tree,,1,elements,314974985.0,ns,1320
RustyTree Benchmarks,Mutex Tree,,1,elements,226934036.0,ns,1322
RustyTree Benchmarks,Mutex Tree,,1,elements,363645620.0,ns,1324
RustyTree Benchmarks,Mutex Tree,,1,elements,349738044.0,ns,1326
RustyTree Benchmarks,Mutex Tree,,1,elements,189494997.0,ns,1328
RustyTree Benchmarks,Mutex Tree,,1,elements,332720907.0,ns,1330
RustyTree Benchmarks,Mutex Tree,,1,elements,269408290.0,ns,1332
RustyTree Benchmarks,Mutex Tree,,1,elements,291299581.0,ns,1334
RustyTree Benchmarks,Mutex Tree,,1,elements,390649387.0,ns,1336
RustyTree Benchmarks,Mutex Tree,,1,elements,291228742.0,ns,1338
RustyTree Benchmarks,Mutex Tree,,1,elements,387099828.0,ns,1340
RustyTree Benchmarks,Mutex Tree,,1,elements,345455608.0,ns,1342
RustyTree Benchmarks,Mutex Tree,,1,elements,182100715.0,ns,1344
RustyTree Benchmarks,Mutex Tree,,1,elements,303440769.0,ns,1346
RustyTree Benchmarks,Mutex Tree,,1,elements,372939161.0,ns,1348
RustyTree Benchmarks,Mutex Tree,,1,elements,382508214.0,ns,1350
RustyTree Benchmarks,Mutex Tree,,1,elements,371227490.0,ns,1352
RustyTree Benchmarks,Mutex Tree,,1,elements,281146494.0,ns,1354
RustyTree Benchmarks,Mutex Tree,,1,elements,368624117.0,ns,1356
RustyTree Benchmarks,Mutex Tree,,1,elements,346011023.0,ns,1358
RustyTree Benchmarks,Mutex Tree,,1,elements,308379046.0,ns,1360
RustyTree Benchmarks,Mutex Tree,,1,elements,247497127.0,ns,1362
RustyTree Benchmarks,Mutex Tree,,1,elements,297543173.0,ns,1364
RustyTree Benchmarks,Mutex Tree,,1,elements,431129790.0,ns,1366
RustyTree Benchmarks,Mutex Tree,,1,elements,414690490.0,ns,1368
RustyTree Benchmarks,Mutex Tree,,1,elements,333873363.0,ns,1370
RustyTree Benchmarks,Mutex Tree,,1,elements,441080826.0,ns,1372
RustyTree Benchmarks,Mutex Tree,,1,elements,226130774.0,ns,1374
RustyTree Benchmarks,Mutex Tree,,1,elements,423145342.0,ns,1376
RustyTree Benchmarks,Mutex Tree,,1,elements,395155671.0,ns,1378
RustyTree Benchmarks,Mutex Tree,,1,elements,422212638.0,ns,1380
RustyTree Benchmarks,Mutex Tree,,1,elements,237714084.0,ns,1382
RustyTree Benchmarks,Mutex Tree,,1,elements,297742109.0,ns,1384
RustyTree Benchmarks,Mutex Tree,,1,elements,229135298.0,ns,1386
RustyTree Benchmarks,Mutex Tree,,1,elements,410421811.0,ns,1388
RustyTree Benchmarks,Mutex Tree,,1,elements,141801853.0,ns,1390
RustyTree Benchmarks,Mutex Tree,,1,elements,307980676.0,ns,1392
RustyTree Benchmarks,Mutex Tree,,1,elements,401834190.0,ns,1394
RustyTree Benchmarks,Mutex Tree,,1,elements,400947898.0,ns,1396
RustyTree Benchmarks,Mutex Tree,,1,elements,458032207.0,ns,1398
RustyTree Benchmarks,Mutex Tree,,1,elements,230550744.0,ns,1400
RustyTree Benchmarks,Mutex Tree,,1,elements,265394558.0,ns,1402
RustyTree Benchmarks,Mutex Tree,,1,elements,264017404.0,ns,1404
RustyTree Benchmarks,Mutex Tree,,1,elements,359391746.0,ns,1406
RustyTree Benchmarks,Mutex Tree,,1,elements,339141508.0,ns,1408
RustyTree Benchmarks,Mutex Tree,,1,elements,404580075.0,ns,1410
RustyTree Benchmarks,Mutex Tree,,1,elements,332474049.0,ns,1412
RustyTree Benchmarks,Mutex Tree,,1,elements,286485452.0,ns,1414
RustyTree Benchmarks,Mutex Tree,,1,elements,389611494.0,ns,1416
RustyTree Benchmarks,Mutex Tree,,1,elements,354959658.0,ns,1418
RustyTree Benchmarks,Mutex Tree,,1,elements,472770894.0,ns,1420
RustyTree Benchmarks,Mutex Tree,,1,elements,207916170.0,ns,1422
RustyTree Benchmarks,Mutex Tree,,1,elements,355928144.0,ns,1424
RustyTree Benchmarks,Mutex Tree,,1,elements,340961893.0,ns,1426
RustyTree Benchmarks,Mutex Tree,,1,elements,312591304.0,ns,1428
RustyTree Benchmarks,Mutex Tree,,1,elements,167470895.0,ns,1430
RustyTree Benchmarks,Mutex Tree,,1,elements,358409174.0,ns,1432
RustyTree Benchmarks,Mutex Tree,,1,elements,252206121.0,ns,1434
RustyTree Benchmarks,Mutex Tree,,1,elements,364318920.0,ns,1436
RustyTree Benchmarks,Mutex Tree,,1,elements,339124095.0,ns,1438
RustyTree Benchmarks,Mutex Tree,,1,elements,257274205.0,ns,1440
RustyTree Benchmarks,Mutex Tree,,1,elements,335879152.0,ns,1442
RustyTree Benchmarks,Mutex Tree,,1,elements,219151744.0,ns,1444
RustyTree Benchmarks,Mutex Tree,,1,elements,200617247.0,ns,1446
RustyTree Benchmarks,Mutex Tree,,1,elements,364514768.0,ns,1448
RustyTree Benchmarks,Mutex Tree,,1,elements,368762887.0,ns,1450
RustyTree Benchmarks,Mutex Tree,,1,elements,392224894.0,ns,1452
RustyTree Benchmarks,Mutex Tree,,1,elements,394597362.0,ns,1454
RustyTree Benchmarks,Mutex Tree,,1,elements,122693435.0,ns,1456
RustyTree Benchmarks,Mutex Tree,,1,elements,427039410.0,ns,1458
RustyTree Benchmarks,Mutex Tree,,1,elements,319047088.0,ns,1460
RustyTree Benchmarks,Mutex Tree,,1,elements,346884834.0,ns,1462
RustyTree Benchmarks,Mutex Tree,,1,elements,347331449.0,ns,1464
RustyTree Benchmarks,Mutex Tree,,1,elements,394304323.0,ns,1466
RustyTree Benchmarks,Mutex Tree,,1,elements,252623419.0,ns,1468
RustyTree Benchmarks,Mutex Tree,,1,elements,272487280.0,ns,1470
RustyTree Benchmarks,Mutex Tree,,1,elements,423894060.0,ns,1472
RustyTree Benchmarks,Mutex Tree,,1,elements,373691703.0,ns,1474
RustyTree Benchmarks,Mutex Tree,,1,elements,324451314.0,ns,1476
RustyTree Benchmarks,Mutex Tree,,1,elements,373281395.0,ns,1478
RustyTree Benchmarks,Mutex Tree,,1,elements,347564788.0,ns,1480
RustyTree Benchmarks,Mutex Tree,,1,elements,288673557.0,ns,1482
RustyTree Benchmarks,Mutex Tree,,1,elements,328820107.0,ns,1484
RustyTree Benchmarks,Mutex Tree,,1,elements,293801439.0,ns,1486
RustyTree Benchmarks,Mutex Tree,,1,elements,206324905.0,ns,1488
RustyTree Benchmarks,Mutex Tree,,1,elements,304825021.0,ns,1490
RustyTree Benchmarks,Mutex Tree,,1,elements,440064116.0,ns,1492
RustyTree Benchmarks,Mutex Tree,,1,elements,397082033.0,ns,1494
RustyTree Benchmarks,Mutex Tree,,1,elements,532679526.0,ns,1496
RustyTree Benchmarks,Mutex Tree,,1,elements,281793729.0,ns,1498
RustyTree Benchmarks,Mutex Tree,,1,elements,387652277.0,ns,1500
RustyTree Benchmarks,Mutex Tree,,1,elements,451756781.0,ns,1502
RustyTree Benchmarks,Mutex Tree,,1,elements,225307772.0,ns,1504
RustyTree Benchmarks,Mutex Tree,,1,elements,291772070.0,ns,1506
RustyTree Benchmarks,Mutex Tree,,1,elements,374027354.0,ns,1508
RustyTree Benchmarks,Mutex Tree,,1,elements,309865892.0,ns,1510
RustyTree Benchmarks,Mutex Tree,,1,elements,399738594.0,ns,1512
RustyTree Benchmarks,Mutex Tree,,1,elements,349856477.0,ns,1514
RustyTree Benchmarks,Mutex Tree,,1,elements,331869836.0,ns,1516
RustyTree Benchmarks,Mutex Tree,,1,elements,431090874.0,ns,1518
RustyTree Benchmarks,Mutex Tree,,1,elements,244224669.0,ns,1520
RustyTree Benchmarks,Mutex Tree,,1,elements,794454076.0,ns,1522
RustyTree Benchmarks,Mutex Tree,,1,elements,401675023.0,ns,1524
RustyTree Benchmarks,Mutex Tree,,1,elements,348990432.0,ns,1526
RustyTree Benchmarks,Mutex Tree,,1,elements,514531155.0,ns,1528
RustyTree Benchmarks,Mutex Tree,,1,elements,398632692.0,ns,1530
RustyTree Benchmarks,Mutex Tree,,1,elements,278565234.0,ns,1532
RustyTree Benchmarks,Mutex Tree,,1,elements,265413912.0,ns,1534
RustyTree Benchmarks,Mutex Tree,,1,elements,222753882.0,ns,1536
RustyTree Benchmarks,Mutex Tree,,1,elements,385797885.0,ns,1538
RustyTree Benchmarks,Mutex Tree,,1,elements,292926650.0,ns,1540
RustyTree Benchmarks,Mutex Tree,,1,elements,469148990.0,ns,1542
RustyTree Benchmarks,Mutex Tree,,1,elements,427479776.0,ns,1544
RustyTree Benchmarks,Mutex Tree,,1,elements,232875948.0,ns,1546
RustyTree Benchmarks,Mutex Tree,,1,elements,472198814.0,ns,1548
RustyTree Benchmarks,Mutex Tree,,1,elements,249977206.0,ns,1550
RustyTree Benchmarks,Mutex Tree,,1,elements,382322016.0,ns,1552
RustyTree Benchmarks,Mutex Tree,,1,elements,298821827.0,ns,1554
RustyTree Benchmarks,Mutex Tree,,1,elements,434758041.0,ns,1556
RustyTree Benchmarks,Mutex Tree,,1,elements,438319828.0,ns,1558
RustyTree Benchmarks,Mutex Tree,,1,elements,408661017.0,ns,1560
RustyTree Benchmarks,Mutex Tree,,1,elements,334144450.0,ns,1562
RustyTree Benchmarks,Mutex Tree,,1,elements,376832974.0,ns,1564
RustyTree Benchmarks,Mutex Tree,,1,elements,284544701.0,ns,1566
RustyTree Benchmarks,Mutex Tree,,1,elements,294428175.0,ns,1568
RustyTree Benchmarks,Mutex Tree,,1,elements,486538563.0,ns,1570
RustyTree Benchmarks,Mutex Tree,,1,elements,500505124.0,ns,1572
RustyTree Benchmarks,Mutex Tree,,1,elements,235920162.0,ns,1574
RustyTree Benchmarks,Mutex Tree,,1,elements,462416062.0,ns,1576
RustyTree Benchmarks,Mutex Tree,,1,elements,384387680.0,ns,1578
RustyTree Benchmarks,Mutex Tree,,1,elements,296462276.0,ns,1580
RustyTree Benchmarks,Mutex Tree,,1,elements,496533720.0,ns,1582
RustyTree Benchmarks,Mutex Tree,,1,elements,504432981.0,ns,1584
RustyTree Benchmarks,Mutex Tree,,1,elements,436336788.0,ns,1586
RustyTree Benchmarks,Mutex Tree,,1,elements,421468268.0,ns,1588
RustyTree Benchmarks,Mutex Tree,,1,elements,440709720.0,ns,1590
RustyTree Benchmarks,Mutex Tree,,1,elements,276552651.0,ns,1592
RustyTree Benchmarks,Mutex Tree,,1,elements,234226699.0,ns,1594
RustyTree Benchmarks,Mutex Tree,,1,elements,259906056.0,ns,1596
RustyTree Benchmarks,Mutex Tree,,1,elements,259926834.0,ns,1598
RustyTree Benchmarks,Mutex Tree,,1,elements,439490910.0,ns,1600
RustyTree Benchmarks,Mutex Tree,,1,elements,510138895.0,ns,1602
RustyTree Benchmarks,Mutex Tree,,1,elements,530178536.0,ns,1604
RustyTree Benchmarks,Mutex Tree,,1,elements,445422010.0,ns,1606
RustyTree Benchmarks,Mutex Tree,,1,elements,232265249.0,ns,1608
RustyTree Benchmarks,Mutex Tree,,1,elements,287299008.0,ns,1610
RustyTree Benchmarks,Mutex Tree,,1,elements,358021466.0,ns,1612
RustyTree Benchmarks,Mutex Tree,,1,elements,443350626.0,ns,1614
RustyTree Benchmarks,Mutex Tree,,1,elements,216192491.0,ns,1616
RustyTree Benchmarks,Mutex Tree,,1,elements,238524463.0,ns,1618
RustyTree Benchmarks,Mutex Tree,,1,elements,213018442.0,ns,1620
RustyTree Benchmarks,Mutex Tree,,1,elements,510193632.0,ns,1622
RustyTree Benchmarks,Mutex Tree,,1,elements,473147257.0,ns,1624
RustyTree Benchmarks,Mutex Tree,,1,elements,342291413.0,ns,1626
RustyTree Benchmarks,Mutex Tree,,1,elements,446354270.0,ns,1628
RustyTree Benchmarks,Mutex Tree,,1,elements,298596838.0,ns,1630
RustyTree Benchmarks,Mutex Tree,,1,elements,405872192.0,ns,1632
RustyTree Benchmarks,Mutex Tree,,1,elements,347637348.0,ns,1634
RustyTree Benchmarks,Mutex Tree,,1,elements,415643338.0,ns,1636
RustyTree Benchmarks,Mutex Tree,,1,elements,541411782.0,ns,1638
RustyTree Benchmarks,Mutex Tree,,1,elements,392770922.0,ns,1640
RustyTree Benchmarks,Mutex Tree,,1,elements,484927348.0,ns,1642
RustyTree Benchmarks,Mutex Tree,,1,elements,282385880.0,ns,1644
RustyTree Benchmarks,Mutex Tree,,1,elements,507185817.0,ns,1646
RustyTree Benchmarks,Mutex Tree,,1,elements,466225114.0,ns,1648
RustyTree Benchmarks,Mutex Tree,,1,elements,506894843.0,ns,1650
RustyTree Benchmarks,Mutex Tree,,1,elements,413044730.0,ns,1652
RustyTree Benchmarks,Mutex Tree,,1,elements,345943699.0,ns,1654
RustyTree Benchmarks,Mutex Tree,,1,elements,596862109.0,ns,1656
RustyTree Benchmarks,Mutex Tree,,1,elements,309608068.0,ns,1658
RustyTree Benchmarks,Mutex Tree,,1,elements,498887667.0,ns,1660
RustyTree Benchmarks,Mutex Tree,,1,elements,443225562.0,ns,1662
RustyTree Benchmarks,Mutex Tree,,1,elements,498577219.0,ns,1664
RustyTree Benchmarks,Mutex Tree,,1,elements,492608766.0,ns,1666
RustyTree Benchmarks,Mutex Tree,,1,elements,529477013.0,ns,1668
RustyTree Benchmarks,Mutex Tree,,1,elements,386974408.0,ns,1670
RustyTree Benchmarks,Mutex Tree,,1,elements,408250978.0,ns,1672
RustyTree Benchmarks,Mutex Tree,,1,elements,293520885.0,ns,1674
RustyTree Benchmarks,Mutex Tree,,1,elements,468123075.0,ns,1676
RustyTree Benchmarks,Mutex Tree,,1,elements,472171539.0,ns,1678
RustyTree Benchmarks,Mutex Tree,,1,elements,475770119.0,ns,1680
RustyTree Benchmarks,Mutex Tree,,1,elements,480663012.0,ns,1682
RustyTree Benchmarks,Mutex Tree,,1,elements,227543992.0,ns,1684
RustyTree Benchmarks,Mutex Tree,,1,elements,375076176.0,ns,1686
RustyTree Benchmarks,Mutex Tree,,1,elements,398145681.0,ns,1688
RustyTree Benchmarks,Mutex Tree,,1,elements,449550721.0,ns,1690
RustyTree Benchmarks,Mutex Tree,,1,elements,465310651.0,ns,1692
RustyTree Benchmarks,Mutex Tree,,1,elements,227913547.0,ns,1694
RustyTree Benchmarks,Mutex Tree,,1,elements,398011088.0,ns,1696
RustyTree Benchmarks,Mutex Tree,,1,elements,472660924.0,ns,1698
RustyTree Benchmarks,Mutex Tree,,1,elements,477089698.0,ns,1700
RustyTree Benchmarks,Mutex Tree,,1,elements,366859191.0,ns,1702
RustyTree Benchmarks,Mutex Tree,,1,elements,500153383.0,ns,1704
RustyTree Benchmarks,Mutex Tree,,1,elements,459528265.0,ns,1706
RustyTree Benchmarks,Mutex Tree,,1,elements,443444355.0,ns,1708
RustyTree Benchmarks,Mutex Tree,,1,elements,317733180.0,ns,1710
RustyTree Benchmarks,Mutex Tree,,1,elements,432553347.0,ns,1712
RustyTree Benchmarks,Mutex Tree,,1,elements,428912468.0,ns,1714
RustyTree Benchmarks,Mutex Tree,,1,elements,348560307.0,ns,1716
RustyTree Benchmarks,Mutex Tree,,1,elements,529589039.0,ns,1718
RustyTree Benchmarks,Mutex Tree,,1,elements,501447195.0,ns,1720
RustyTree Benchmarks,Mutex Tree,,1,elements,407510945.0,ns,1722
RustyTree Benchmarks,Mutex Tree,,1,elements,379762745.0,ns,1724
RustyTree Benchmarks,Mutex Tree,,1,elements,288971194.0,ns,1726
RustyTree Benchmarks,Mutex Tree,,1,elements,426580361.0,ns,1728
RustyTree Benchmarks,Mutex Tree,,1,elements,498005099.0,ns,1730
RustyTree Benchmarks,Mutex Tree,,1,elements,468862776.0,ns,1732
RustyTree Benchmarks,Mutex Tree,,1,elements,348565326.0,ns,1734
RustyTree Benchmarks,Mutex Tree,,1,elements,376117549.0,ns,1736
RustyTree Benchmarks,Mutex Tree,,1,elements,617733534.0,ns,1738
RustyTree Benchmarks,Mutex Tree,,1,elements,567105370.0,ns,1740
RustyTree Benchmarks,Mutex Tree,,1,elements,344448184.0,ns,1742
RustyTree Benchmarks,Mutex Tree,,1,elements,374251096.0,ns,1744
RustyTree Benchmarks,Mutex Tree,,1,elements,482469153.0,ns,1746
RustyTree Benchmarks,Mutex Tree,,1,elements,437230482.0,ns,1748
RustyTree Benchmarks,Mutex Tree,,1,elements,325839083.0,ns,1750
RustyTree Benchmarks,Mutex Tree,,1,elements,298582520.0,ns,1752
RustyTree Benchmarks,Mutex Tree,,1,elements,495391086.0,ns,1754
RustyTree Benchmarks,Mutex Tree,,1,elements,205375109.0,ns,1756
RustyTree Benchmarks,Mutex Tree,,1,elements,494570991.0,ns,1758
RustyTree Benchmarks,Mutex Tree,,1,elements,481412450.0,ns,1760
RustyTree Benchmarks,Mutex Tree,,1,elements,290441936.0,ns,1762
RustyTree Benchmarks,Mutex Tree,,1,elements,410267035.0,ns,1764
RustyTree Benchmarks,Mutex Tree,,1,elements,388667441.0,ns,1766
RustyTree Benchmarks,Mutex Tree,,1,elements,566293001.0,ns,1768
RustyTree Benchmarks,Mutex Tree,,1,elements,478136973.0,ns,1770
RustyTree Benchmarks,Mutex Tree,,1,elements,146711286.0,ns,1772
RustyTree Benchmarks,Mutex Tree,,1,elements,472934178.0,ns,1774
RustyTree Benchmarks,Mutex Tree,,1,elements,299883858.0,ns,1776
RustyTree Benchmarks,Mutex Tree,,1,elements,376495410.0,ns,1778
RustyTree Benchmarks,Mutex Tree,,1,elements,358425661.0,ns,1780
RustyTree Benchmarks,Mutex Tree,,1,elements,390901933.0,ns,1782
RustyTree Benchmarks,Mutex Tree,,1,elements,380517545.0,ns,1784
RustyTree Benchmarks,Mutex Tree,,1,elements,448234661.0,ns,1786
RustyTree Benchmarks,Mutex Tree,,1,elements,381387486.0,ns,1788
RustyTree Benchmarks,Mutex Tree,,1,elements,474180555.0,ns,1790
RustyTree Benchmarks,Mutex Tree,,1,elements,503838114.0,ns,1792
RustyTree Benchmarks,Mutex Tree,,1,elements,295627356.0,ns,1794
RustyTree Benchmarks,Mutex Tree,,1,elements,459974815.0,ns,1796
RustyTree Benchmarks,Mutex Tree,,1,elements,514032731.0,ns,1798
RustyTree Benchmarks,Mutex Tree,,1,elements,512027493.0,ns,1800
RustyTree Benchmarks,Mutex Tree,,1,elements,272183270.0,ns,1802
RustyTree Benchmarks,Mutex Tree,,1,elements,487044514.0,ns,1804
RustyTree Benchmarks,Mutex Tree,,1,elements,651296327.0,ns,1806
RustyTree Benchmarks,Mutex Tree,,1,elements,550004540.0,ns,1808
RustyTree Benchmarks,Mutex Tree,,1,elements,448451376.0,ns,1810
RustyTree Benchmarks,Mutex Tree,,1,elements,511156471.0,ns,1812
RustyTree Benchmarks,Mutex Tree,,1,elements,481242195.0,ns,1814
RustyTree Benchmarks,Mutex Tree,,1,elements,439954547.0,ns,1816
RustyTree Benchmarks,Mutex Tree,,1,elements,423588230.0,ns,1818
RustyTree Benchmarks,Mutex Tree,,1,elements,362386628.0,ns,1820
RustyTree Benchmarks,Mutex Tree,,1,elements,348023522.0,ns,1822
RustyTree Benchmarks,Mutex Tree,,1,elements,570598162.0,ns,1824
RustyTree Benchmarks,Mutex Tree,,1,elements,617044345.0,ns,1826
RustyTree Benchmarks,Mutex Tree,,1,elements,338026859.0,ns,1828
RustyTree Benchmarks,Mutex Tree,,1,elements,339718750.0,ns,1830
RustyTree Benchmarks,Mutex Tree,,1,elements,600517278.0,ns,1832
RustyTree Benchmarks,Mutex Tree,,1,elements,381159392.0,ns,1834
RustyTree Benchmarks,Mutex Tree,,1,elements,589445978.0,ns,1836
RustyTree Benchmarks,Mutex Tree,,1,elements,566858961.0,ns,1838
RustyTree Benchmarks,Mutex Tree,,1,elements,333201612.0,ns,1840
RustyTree Benchmarks,Mutex Tree,,1,elements,415194868.0,ns,1842
RustyTree Benchmarks,Mutex Tree,,1,elements,523125206.0,ns,1844
RustyTree Benchmarks,Mutex Tree,,1,elements,377147287.0,ns,1846
RustyTree Benchmarks,Mutex Tree,,1,elements,258877547.0,ns,1848
RustyTree Benchmarks,Mutex Tree,,1,elements,493579512.0,ns,1850
RustyTree Benchmarks,Mutex Tree,,1,elements,477898829.0,ns,1852
RustyTree Benchmarks,Mutex Tree,,1,elements,517626328.0,ns,1854
RustyTree Benchmarks,Mutex Tree,,1,elements,274147805.0,ns,1856
RustyTree Benchmarks,Mutex Tree,,1,elements,549198851.0,ns,1858
RustyTree Benchmarks,Mutex Tree,,1,elements,516390468.0,ns,1860
RustyTree Benchmarks,Mutex Tree,,1,elements,422564025.0,ns,1862
RustyTree Benchmarks,Mutex Tree,,1,elements,280220050.0,ns,1864
RustyTree Benchmarks,Mutex Tree,,1,elements,501750949.0,ns,1866
RustyTree Benchmarks,Mutex Tree,,1,elements,516562909.0,ns,1868
RustyTree Benchmarks,Mutex Tree,,1,elements,356983089.0,ns,1870
RustyTree Benchmarks,Mutex Tree,,1,elements,241511920.0,ns,1872
RustyTree Benchmarks,Mutex Tree,,1,elements,184782894.0,ns,1874
RustyTree Benchmarks,Mutex Tree,,1,elements,402448816.0,ns,1876
RustyTree Benchmarks,Mutex Tree,,1,elements,572869346.0,ns,1878
RustyTree Benchmarks,Mutex Tree,,1,elements,436417917.0,ns,1880
RustyTree Benchmarks,Mutex Tree,,1,elements,445126912.0,ns,1882
RustyTree Benchmarks,Mutex Tree,,1,elements,510736229.0,ns,1884
RustyTree Benchmarks,Mutex Tree,,1,elements,599638855.0,ns,1886
RustyTree Benchmarks,Mutex Tree,,1,elements,300441696.0,ns,1888
RustyTree Benchmarks,Mutex Tree,,1,elements,401062842.0,ns,1890
RustyTree Benchmarks,Mutex Tree,,1,elements,549496400.0,ns,1892
RustyTree Benchmarks,Mutex Tree,,1,elements,313855489.0,ns,1894
RustyTree Benchmarks,Mutex Tree,,1,elements,521331948.0,ns,1896
RustyTree Benchmarks,Mutex Tree,,1,elements,384839566.0,ns,1898
RustyTree Benchmarks,Mutex Tree,,1,elements,536163541.0,ns,1900
RustyTree Benchmarks,Mutex Tree,,1,elements,654092903.0,ns,1902
RustyTree Benchmarks,Mutex Tree,,1,elements,593591405.0,ns,1904
RustyTree Benchmarks,Mutex Tree,,1,elements,538567257.0,ns,1906
RustyTree Benchmarks,Mutex Tree,,1,elements,624372350.0,ns,1908
RustyTree Benchmarks,Mutex Tree,,1,elements,549954832.0,ns,1910
RustyTree Benchmarks,Mutex Tree,,1,elements,266723477.0,ns,1912
RustyTree Benchmarks,Mutex Tree,,1,elements,439690800.0,ns,1914
RustyTree Benchmarks,Mutex Tree,,1,elements,522968497.0,ns,1916
RustyTree Benchmarks,Mutex Tree,,1,elements,563634137.0,ns,1918
RustyTree Benchmarks,Mutex Tree,,1,elements,654180123.0,ns,1920
RustyTree Benchmarks,Mutex Tree,,1,elements,588254479.0,ns,1922
RustyTree Benchmarks,Mutex Tree,,1,elements,366802738.0,ns,1924
RustyTree Benchmarks,Mutex Tree,,1,elements,500076558.0,ns,1926
RustyTree Benchmarks,Mutex Tree,,1,elements,498375202.0,ns,1928
RustyTree Benchmarks,Mutex Tree,,1,elements,555514890.0,ns,1930
RustyTree Benchmarks,Mutex Tree,,1,elements,408396963.0,ns,1932
RustyTree Benchmarks,Mutex Tree,,1,elements,439799357.0,ns,1934
RustyTree Benchmarks,Mutex Tree,,1,elements,431396313.0,ns,1936
RustyTree Benchmarks,Mutex Tree,,1,elements,644520340.0,ns,1938
RustyTree Benchmarks,Mutex Tree,,1,elements,506221564.0,ns,1940
RustyTree Benchmarks,Mutex Tree,,1,elements,200881484.0,ns,1942
RustyTree Benchmarks,Mutex Tree,,1,elements,364035640.0,ns,1944
RustyTree Benchmarks,Mutex Tree,,1,elements,583805243.0,ns,1946
RustyTree Benchmarks,Mutex Tree,,1,elements,653318850.0,ns,1948
RustyTree Benchmarks,Mutex Tree,,1,elements,667867062.0,ns,1950
RustyTree Benchmarks,Mutex Tree,,1,elements,215784664.0,ns,1952
RustyTree Benchmarks,Mutex Tree,,1,elements,636176397.0,ns,1954
RustyTree Benchmarks,Mutex Tree,,1,elements,560778328.0,ns,1956
RustyTree Benchmarks,Mutex Tree,,1,elements,587621601.0,ns,1958
RustyTree Benchmarks,Mutex Tree,,1,elements,447920489.0,ns,1960
RustyTree Benchmarks,Mutex Tree,,1,elements,549805962.0,ns,1962
RustyTree Benchmarks,Mutex Tree,,1,elements,401468528.0,ns,1964
RustyTree Benchmarks,Mutex Tree,,1,elements,303424629.0,ns,1966
RustyTree Benchmarks,Mutex Tree,,1,elements,437945353.0,ns,1968
RustyTree Benchmarks,Mutex Tree,,1,elements,519461647.0,ns,1970
RustyTree Benchmarks,Mutex Tree,,1,elements,420364676.0,ns,1972
RustyTree Benchmarks,Mutex Tree,,1,elements,470557177.0,ns,1974
RustyTree Benchmarks,Mutex Tree,,1,elements,495233138.0,ns,1976
RustyTree Benchmarks,Mutex Tree,,1,elements,703331908.0,ns,1978
RustyTree Benchmarks,Mutex Tree,,1,elements,431999019.0,ns,1980
RustyTree Benchmarks,Mutex Tree,,1,elements,498370590.0,ns,1982
RustyTree Benchmarks,Mutex Tree,,1,elements,607490432.0,ns,1984
RustyTree Benchmarks,Mutex Tree,,1,elements,667078912.0,ns,1986
RustyTree Benchmarks,Mutex Tree,,1,elements,235106926.0,ns,1988
RustyTree Benchmarks,Mutex Tree,,1,elements,542070709.0,ns,1990
RustyTree Benchmarks,Mutex Tree,,1,elements,542474401.0,ns,1992
RustyTree Benchmarks,Mutex Tree,,1,elements,525772222.0,ns,1994
RustyTree Benchmarks,Mutex Tree,,1,elements,290204679.0,ns,1996
RustyTree Benchmarks,Mutex Tree,,1,elements,716847945.0,ns,1998
RustyTree Benchmarks,Mutex Tree,,1,elements,685968954.0,ns,2000
